name,category,subcategory,address,phone,rating,reviews,website,profileUrl,placeId,verified,claimEmail
Grilling Hut Express,Restaurants,,"4046 Confederation Pkwy, Mississauga, ON L5B 0J6, Canada",(437) 568-4046,5,318,,https://mississaugainsider.ca/directory/restaurants/grilling-hut-express-lcs95q/,ChIJcduuIwdHK4gRZLSWrlrr7l0,no,
Swiss Chalet,Restaurants,,"6677 Meadowvale Town Centre Cir #22B, Mississauga, ON L5N 2R5, Canada",(416) 614-2502,4.9,4758,https://www.swisschalet.com/en/locations/on/mississauga/6677-meadowvale-town-centre-circle-22b,https://mississaugainsider.ca/directory/restaurants/swiss-chalet-dg8hov/,ChIJLToIVABrK4gRUywhas3yrhI,no,
Delhi Momos - Malton,Restaurants,,"3427 Derry Rd E Unit 112, Mississauga, ON L4T 4H7, Canada",(416) 417-8512,4.9,2197,http://www.delhimomos.ca/,https://mississaugainsider.ca/directory/restaurants/delhi-momos-malton-mumj3t/,ChIJKexsXfE7K4gR0CTaTdzGw_M,no,
Tandoori House Grill and Bar,Restaurants,,"7270 Torbram Rd Unit 7A, Mississauga, ON L4T 3Y7, Canada",(905) 405-9989,4.9,1685,https://tandoorihousegrillandbar.com/,https://mississaugainsider.ca/directory/restaurants/tandoori-house-grill-and-bar-fpr97q/,ChIJ01lfi30_K4gRRy5Cce_hXyU,no,
Soranno's,Restaurants,,"341 Lakeshore Rd E, Mississauga, ON L5G 1E7, Canada",(905) 990-6746,4.9,1345,https://www.sorannosrestaurant.com/,https://mississaugainsider.ca/directory/restaurants/soranno-s-k8a3gx/,ChIJNZuqSBJHK4gRSUQubz5k0aE,no,
Varalakshmi Vegetarian Malton,Restaurants,,"Westwood Mall 2nd floor food Court, 7205 Goreway Dr, Mississauga, ON L4T 0B4, Canada",(905) 293-9666,4.9,356,https://www.vrvegetarians.com/,https://mississaugainsider.ca/directory/restaurants/varalakshmi-vegetarian-malton-98mmwe/,ChIJJa4kTT47K4gRBp7K0ZbBffE,no,
Misafir Restaurant - Lounge Mississauga,Restaurants,,"265 Enfield Pl Unit R100C&D, Mississauga, ON L5B 3Y7, Canada",(905) 270-0005,4.9,316,http://www.misafirlounge.ca/,https://mississaugainsider.ca/directory/restaurants/misafir-restaurant-lounge-mississauga-n7hhkc/,ChIJfbN7p3FHK4gRDg5wKt3vh6o,no,
MS Bar & Kitchen,Restaurants,,"7071 Airport Rd Unit 2A & 3, Mississauga, ON L4T 4J3, Canada",(905) 673-8100,4.9,272,,https://mississaugainsider.ca/directory/restaurants/ms-bar-and-kitchen-xrmhmz/,ChIJkYvZ9-s7K4gR25DYbUqcYFY,no,
My Secret Kitchen - Italian & Portuguese Catering & Take-out,Restaurants,,"316 Lakeshore Rd E, Mississauga, ON L5G 1H4, Canada",(905) 990-2057,4.9,207,https://mysecretkitchen.ca/,https://mississaugainsider.ca/directory/restaurants/my-secret-kitchen-italian-and-portuguese-catering-and-take-o-jlsn0i/,ChIJ47KXLxZGK4gR-fqzHYWm7y0,no,
CHICKFLIX,Restaurants,,"129-B Lakeshore Rd E, Mississauga, ON L5G 1E5, Canada",(905) 271-7776,4.9,130,https://chickflix.ca/,https://mississaugainsider.ca/directory/restaurants/chickflix-k5noyn/,ChIJhYFy4zlHK4gRHNc7dDqq4Ns,no,
Franico's Ristorante,Restaurants,,"1096 Lorne Park Rd, Mississauga, ON L5H 3A3, Canada",(905) 271-4334,4.9,104,https://www.franicoristorante.com/,https://mississaugainsider.ca/directory/restaurants/franico-s-ristorante-8n2jd4/,ChIJqdlmc9NFK4gRLA8L7NDsxzU,no,
Sultan Ahmet Turkish Cuisine,Restaurants,,"5055 Plantation Pl, Mississauga, ON L5M 6J3, Canada",(289) 805-7003,4.8,21611,http://www.sultanahmet.ca/,https://mississaugainsider.ca/directory/restaurants/sultan-ahmet-turkish-cuisine-fbw165/,ChIJQZCQb8ZDK4gRFIqvov5hvIs,no,
Scaddabush Italian Kitchen & Bar Dixon Rd,Restaurants,,"25 Carlson Ct, Etobicoke, ON M9W 6A2, Canada",(416) 213-1162,4.8,6402,https://www.scaddabush.com/,https://mississaugainsider.ca/directory/restaurants/scaddabush-italian-kitchen-and-bar-dixon-rd-b6f6kz/,ChIJ7y1r0oQ5K4gRPpfwqKhFDmE,no,
Simply South Mississauga,Restaurants,,"50 Burnhamthorpe Rd W Unit 200B, Mississauga, ON L5B 3C2, Canada",(905) 268-4223,4.8,4321,https://simplysouth.ca/,https://mississaugainsider.ca/directory/restaurants/simply-south-mississauga-kqzzta/,ChIJbb2xBSNHK4gRD6rwiSB65pI,no,
Gyu Kyou Japanese BBQ,Restaurants,,"5955 Latimer Dr #7, Mississauga, ON L5V 0B7, Canada",(416) 860-1288,4.8,3959,https://gyukyou.com/,https://mississaugainsider.ca/directory/restaurants/gyu-kyou-japanese-bbq-inrpbm/,ChIJ_ybKGChBK4gRvFmuekSRS4c,no,
Seau de Crabe Restaurant,Restaurants,,"#4, 670 Eglinton Ave W, Mississauga, ON L5R 3V2, Canada",(905) 507-0000,4.8,3234,http://www.seaudecrabe.ca/,https://mississaugainsider.ca/directory/restaurants/seau-de-crabe-restaurant-ly3z6d/,ChIJJTfBnJRBK4gRTgBS4VHXiwE,no,
Garage Steakhouse & Grill,Restaurants,,"3535 Odyssey Dr Unit 83, Mississauga, ON L5M 2S4, Canada",(866) 787-0707,4.8,2328,https://garagesteakhouse.com/,https://mississaugainsider.ca/directory/restaurants/garage-steakhouse-and-grill-fi2qzh/,ChIJB0x0LQBDK4gRvBVqkoptB8I,no,
Desi Bar & Grill,Restaurants,,"3530 Derry Rd E, Mississauga, ON L4T 4E3, Canada",(905) 367-0230,4.8,1976,http://www.desibarandgrill.ca/,https://mississaugainsider.ca/directory/restaurants/desi-bar-and-grill-vtot5d/,ChIJm52Ffjk7K4gRoP00yVT3_Nc,no,
Chiang Mai Mississauga,Restaurants,,"285 Enfield Pl #100, Mississauga, ON L5B 3Y6, Canada",(416) 257-8424,4.8,1513,https://chiangmai.ca/,https://mississaugainsider.ca/directory/restaurants/chiang-mai-mississauga-58fata/,ChIJMUVZkbVHK4gRI6_oRp0h6Mw,no,
Ambala Chaat,Restaurants,,"2903 Derry Rd E, Mississauga, ON L4T 1A6, Canada",(365) 722-0633,4.8,1223,https://ambalachaat.com/,https://mississaugainsider.ca/directory/restaurants/ambala-chaat-ofylr1/,ChIJ4UoRJRE7K4gR0OxqVFd9ek8,no,
Molkagtez Mexican Cuisine Port Credit,Restaurants,,"89 Lakeshore Rd E Unit 1, Mississauga, ON L5G 1C9, Canada",(905) 486-0833,4.8,1100,http://molkagtez.com/,https://mississaugainsider.ca/directory/restaurants/molkagtez-mexican-cuisine-port-credit-7arqg8/,ChIJAbpCJQBHK4gRQYpk_5oNcog,no,
Mela Kitchen,Restaurants,,"1714 Lakeshore Rd W, Mississauga, ON L5J 1J5, Canada",(905) 919-1374,4.8,856,http://www.melakitchen.ca/,https://mississaugainsider.ca/directory/restaurants/mela-kitchen-a22zdz/,ChIJha8EcN9FK4gRUEPgYPksg9w,no,
Anatolia Turkish Restaurant - Mississauga,Restaurants,,"2975 Eglinton Ave W, Mississauga, ON L5M 6J3, Canada",(905) 607-0101,4.8,817,https://mississauga.anatoliaturkishfoods.com/,https://mississaugainsider.ca/directory/restaurants/anatolia-turkish-restaurant-mississauga-w7j04v/,ChIJPe9oWABDK4gRkd_sIW8Vc1g,no,
Clucker's Wood Oven,Restaurants,,"1900 Lakeshore Rd W Unit 8, Mississauga, ON L5J 1J7, Canada",(905) 855-5454,4.8,721,http://www.cluckerswoodoven.com/,https://mississaugainsider.ca/directory/restaurants/clucker-s-wood-oven-8rn7h5/,ChIJdZbj1IBvK4gRIYcMhOMrGws,no,
Desi Khuraak Mississauga | Best Indian Restaurant in Mississauga,Restaurants,,"7212 Airport Rd, Mississauga, ON L4T 1E9, Canada",(905) 671-0040,4.8,513,https://desikhuraak.com/locations/mississauga-restaurant/,https://mississaugainsider.ca/directory/restaurants/desi-khuraak-mississauga-best-indian-restaurant-in-mississau-ite6tn/,ChIJ55lN3e87K4gRDmIvvGwjKM4,no,
Elfatatry-الفطاطري,Restaurants,,"117 Queen St S Unit 5&6, Mississauga, ON L5M 1K7, Canada",(437) 799-7773,4.8,383,https://elfatatry.com/,https://mississaugainsider.ca/directory/restaurants/elfatatry-xficjl/,ChIJbdqt1DtBK4gRHogb4zDmpgI,no,
Mountain Burger Mississauga,Restaurants,,"3960 Eglinton Ave W Unit 20, Mississauga, ON L5M 2R9, Canada",(905) 820-6377,4.8,321,http://www.mountainburger.ca/,https://mississaugainsider.ca/directory/restaurants/mountain-burger-mississauga-hvyx2z/,ChIJqWQLMZ5DK4gRxK-nnlD19sk,no,
Slap's Burgers,Restaurants,,"2nd Floor through SHOPS entrance, 7215 Goreway Dr #2b14, Mississauga, ON L4T 0B4, Canada",,4.8,300,https://slapsburgers.com/,https://mississaugainsider.ca/directory/restaurants/slap-s-burgers-g31unl/,ChIJG0kupmg7K4gROk44OedUnAA,no,
The Park,Restaurants,,"1107 Lorne Park Rd, Mississauga, ON L5H 3A1, Canada",(905) 271-2199,4.8,288,http://theparklp.com/,https://mississaugainsider.ca/directory/restaurants/the-park-kyf8i1/,ChIJFX6IHSZFK4gRkMwTUn8wbYM,no,
Chelsea Restaurant,Restaurants,,"7 John St S, Mississauga, ON L5H 2E3, Canada",(905) 271-4290,4.8,187,http://www.chelsearestaurant.ca/,https://mississaugainsider.ca/directory/restaurants/chelsea-restaurant-exig41/,ChIJiUeC-HNGK4gROt4g4jNnI_M,no,
Milad’s Grill ( Halal ),Restaurants,,"40 Dundas St W, Mississauga, ON L5B 1H4, Canada",(416) 528-6384,4.8,181,,https://mississaugainsider.ca/directory/restaurants/milad-s-grill-halal-3wgkdf/,ChIJqSYuVw9HK4gReMOZYppZZFk,no,
R Kitchen Restaurant - Mississauga,Restaurants,,"2295 Battleford Rd, Mississauga, ON L5N 2W8, Canada",(905) 821-7821,4.8,177,https://rkitchen.ca/,https://mississaugainsider.ca/directory/restaurants/r-kitchen-restaurant-mississauga-k5jg9h/,ChIJu2Gq7V9BK4gRtYxLpl1rpEI,no,
La Vita Port Credit,Restaurants,,"100 Lakeshore Rd E, Mississauga, ON L5G 1E3, Canada",(905) 203-0966,4.8,112,https://lavitaportcredit.ca/,https://mississaugainsider.ca/directory/restaurants/la-vita-port-credit-o8kzy6/,ChIJtaO7gI5HK4gR_VRM99OR42U,no,
Secret Garden Restaurant,Restaurants,,"1650 Dundas St E Unit 203 B, Mississauga, ON L4X 2Z3, Canada",(437) 880-7789,4.8,95,https://www.secretgardenrestaurant.ca/,https://mississaugainsider.ca/directory/restaurants/secret-garden-restaurant-is2pkc/,ChIJSy6O3eZHK4gR8p6vE5pyQK0,no,
Trinity Quality Restaurant,Restaurants,,"7215 Goreway Dr Unit 1D15, Mississauga, ON L4T 0B5, Canada",(905) 673-0071,4.8,79,,https://mississaugainsider.ca/directory/restaurants/trinity-quality-restaurant-hbec5h/,ChIJWVq7Kps7K4gRmRs8g7DQUzY,no,
Desi Bar & Grill,Restaurants,,"925 Rathburn Rd E, Mississauga, ON L4W 4C3, Canada",(905) 232-6788,4.7,22692,https://desibarandgrill.ca/,https://mississaugainsider.ca/directory/restaurants/desi-bar-and-grill-i1q415/,ChIJZ7O5MGVHK4gR5ca4q_u4joE,yes,test@desibar.ca
Scaddabush Italian Kitchen & Bar Square One,Restaurants,,"209 Rathburn Rd W, Mississauga, ON L5B 4C1, Canada",(905) 281-1721,4.7,18115,https://www.scaddabush.com/,https://mississaugainsider.ca/directory/restaurants/scaddabush-italian-kitchen-and-bar-square-one-uc34tx/,ChIJtWR_nyxHK4gRbUNCTx0guCk,no,
Afghan Flame,Restaurants,,"2555 Erin Centre Blvd, Mississauga, ON L5M 5H1, Canada",(289) 868-8555,4.7,10824,https://www.afghanflame.com/,https://mississaugainsider.ca/directory/restaurants/afghan-flame-p04um1/,ChIJt29bxKVBK4gRYuUAhvqzKG4,no,
Rick's Good Eats,Restaurants,,"6660 Kennedy Rd #1, Mississauga, ON L5T 2M9, Canada",(905) 696-6966,4.7,7033,https://www.ricksgoodeats.ca/,https://mississaugainsider.ca/directory/restaurants/rick-s-good-eats-bd8s66/,ChIJp2F_03I_K4gROOe2G6u6Ov0,no,
Taps Public House,Restaurants,,"6570 Meadowvale Town Centre Cir, Mississauga, ON L5N 4B7, Canada",(905) 542-8277,4.7,5410,http://tapspublichouse.ca/,https://mississaugainsider.ca/directory/restaurants/taps-public-house-pcxdhq/,ChIJjZ5eF8RrK4gRBOw-tG3ymLU,no,
Kelseys Original Roadhouse,Restaurants,,"6099 Erin Mills Pkwy, Mississauga, ON L5N 0G5, Canada",(289) 334-0977,4.7,3367,https://www.kelseys.ca/en/locations/on/mississauga/6099-erin-mills-parkway,https://mississaugainsider.ca/directory/restaurants/kelseys-original-roadhouse-12v2dw/,ChIJq9Idbs5BK4gRp6aZHe83fOo,no,
Zain Alsham,Restaurants,,"622 Bloor St, Mississauga, ON L5A 3V9, Canada",(647) 472-7911,4.7,2835,https://zainalsham.com/,https://mississaugainsider.ca/directory/restaurants/zain-alsham-3m3uxj/,ChIJVb3F3r9DK4gROppJ4Jp40Lk,no,
L’ Afghan Grill,Restaurants,,"3970 Eglinton Ave W Unit 3, Mississauga, ON L5M 2P9, Canada",(905) 569-9300,4.7,1671,http://lafghangrill.com/,https://mississaugainsider.ca/directory/restaurants/l-afghan-grill-bqry16/,ChIJCwqaqHRDK4gR1BZojW5XHDc,no,
Kabbana Bar + Grill Restaurant Port Credit,Restaurants,,"139 Lakeshore Rd E, Mississauga, ON L5G 1E5, Canada",(289) 327-2450,4.7,1149,https://kabbana.ca/,https://mississaugainsider.ca/directory/restaurants/kabbana-bar-grill-restaurant-port-credit-57bcud/,ChIJuxyrCZtHK4gRlfnICyqYxfg,no,
Spice Nosh Brunch & Bar,Restaurants,,"845 Lakeshore Rd E, Mississauga, ON L5E 1C9, Canada",(437) 880-7839,4.7,1014,http://www.spicenosh.com/,https://mississaugainsider.ca/directory/restaurants/spice-nosh-brunch-and-bar-ghy890/,ChIJvasRJ0lHK4gRFd9HUSama88,no,
Dough Master,Restaurants,,"128 Queen St S #23, Mississauga, ON L5M 1K8, Canada",(905) 997-7974,4.7,984,http://www.doughmaster.ca/,https://mississaugainsider.ca/directory/restaurants/dough-master-r6dp1t/,ChIJXdrfsUJBK4gRaZ4BydPQrR8,no,
Stella Artois Terrace at Woodbine Racetrack,Restaurants,,"555 Rexdale Blvd Level 3, Etobicoke, ON M9W 5L2, Canada",(416) 675-7223,4.7,374,https://woodbine.com/dining/stella-artois-terrace/?utm_source=google&utm_medium=gbp_stella_artois_terrace_at_woodbine_racetrack&utm_campaign=Stella+Artois+Terrace+at+Woodbine+Racetrack,https://mississaugainsider.ca/directory/restaurants/stella-artois-terrace-at-woodbine-racetrack-rhltxp/,ChIJqQhBO2E7K4gR24II-2GA3P4,no,
Cuda's Tap & Grill,Restaurants,,"1107 Lorne Park Rd, Mississauga, ON L5H 3A1, Canada",(905) 274-3318,4.7,186,,https://mississaugainsider.ca/directory/restaurants/cuda-s-tap-and-grill-15tak9/,ChIJVUGpvTZEK4gRKqrhKOVWiSo,no,
Saffron Smoke Restaurant & Lounge,Restaurants,,"4025 Brandon Gate Dr Unit 5, Mississauga, ON L4T 3Z9, Canada",(942) 881-1119,4.7,185,https://saffronsmokerestaurant.com/?utm_source=google&utm_medium=maps&utm_campaign=website,https://mississaugainsider.ca/directory/restaurants/saffron-smoke-restaurant-and-lounge-r8gf92/,ChIJd7azNfo7K4gRDcd3EZ-Sg5s,no,
Pal' Antojo Mexican Restaurant & Bar - Streetsville,Restaurants,,"277 Queen St S, Mississauga, ON L5M 1L9, Canada",(647) 484-8211,4.7,83,https://palantojo.ca/,https://mississaugainsider.ca/directory/restaurants/pal-antojo-mexican-restaurant-and-bar-streetsville-mf2l0y/,ChIJUf6cVgBBK4gRd-BiTHahzD0,no,
"The Hakka Club - Saint Barbara Blvd | Mississauga, Ontario",Restaurants,,"7030 St Barbara Blvd, Mississauga, ON L5W 0E6, Canada",(905) 565-1144,4.6,10857,https://thehakkaclub.ca/,https://mississaugainsider.ca/directory/restaurants/the-hakka-club-saint-barbara-blvd-mississauga-ontario-i96ca8/,ChIJg1ZQz0o_K4gRdailL9LxDEk,no,
Agha Turkish Restaurant Mississauga,Restaurants,,"1971 Lakeshore Rd W, Mississauga, ON L5J 1J8, Canada",(905) 403-9999,4.6,6933,https://qr.finedinemenu.com/agha-turkish-cuisine?table=sample,https://mississaugainsider.ca/directory/restaurants/agha-turkish-restaurant-mississauga-l7310s/,ChIJsXdl2DlFK4gRNjONuF71Vi8,no,
MONASABA,Restaurants,,"2273 Dundas St W Unit 11, Mississauga, ON L5K 2L8, Canada",(647) 370-4752,4.6,6579,https://www.monasabafoods.com/,https://mississaugainsider.ca/directory/restaurants/monasaba-tedszi/,ChIJRWQzrcBDK4gRFSQaE75kBEA,no,
Punjabi Dhaba,Restaurants,,"2855 Derry Rd E, Mississauga, ON L4T 1A6, Canada",(905) 956-3442,4.6,5586,http://punjabidhaba.ca/,https://mississaugainsider.ca/directory/restaurants/punjabi-dhaba-7sesub/,ChIJW0pUAf47K4gRWywV2iu9SD0,no,
Brar’s Erin Mills (Mississauga),Restaurants,,"3910 Eglinton Ave W Unit 37 38, Mississauga, ON L5M 2R9, Canada",(226) 781-2727,4.6,4951,http://brars.ca/,https://mississaugainsider.ca/directory/restaurants/brar-s-erin-mills-mississauga-5im3ew/,ChIJEbHjNZBDK4gROSuBFS-1NU8,no,
Madras Peppers,Restaurants,,"285 Enfield Pl R104, Mississauga, ON L5B 3Y6, Canada",(289) 212-1904,4.6,4177,http://www.madraspeppers.ca/,https://mississaugainsider.ca/directory/restaurants/madras-peppers-jzbdf0/,ChIJI4jmXOs_K4gRfV0KAbrnioE,no,
Turtle Jack's Erin Mills,Restaurants,,"5100 Erin Mills Pkwy, Mississauga, ON L5M 4Z5, Canada",(365) 565-0085,4.6,2603,https://turtlejacks.com/locations/turtle-jacks-erin-mills/?utm_source=G&utm_medium=LPM&utm_campaign=MTY,https://mississaugainsider.ca/directory/restaurants/turtle-jack-s-erin-mills-81f84h/,ChIJN1_U4BdBK4gRuqpSq2lFwrU,no,
Sapphire Lounge,Restaurants,,"168 Queen St S, Mississauga, ON L5M 1K8, Canada",(519) 320-0186,4.6,1293,https://sapphire-lounge.ca/,https://mississaugainsider.ca/directory/restaurants/sapphire-lounge-aliq5v/,ChIJ739irJVBK4gRWdVVwfDpMyQ,no,
Azkadenya Mediterranean - Mississauga,Restaurants,,"6111 Erin Mills Pkwy Unit 3, Mississauga, ON L5N 0G5, Canada",(905) 812-0505,4.6,1104,https://azkadenya.ca/,https://mississaugainsider.ca/directory/restaurants/azkadenya-mediterranean-mississauga-bhlsha/,ChIJqaGdQ5hBK4gRuzmwBzRVDuo,no,
Saucy,Restaurants,,"111 Queen St S, Mississauga, ON L5M 1K7, Canada",(905) 542-9600,4.6,786,http://www.saucyrestaurant.com/,https://mississaugainsider.ca/directory/restaurants/saucy-xfm1sn/,ChIJ2cApVQFBK4gRNTZnQFJ9LkE,no,
Hamdi,Restaurants,,"3505 Odyssey Dr #72, Mississauga, ON L5M 7N4, Canada",(905) 828-5556,4.6,749,,https://mississaugainsider.ca/directory/restaurants/hamdi-z8i5ip/,ChIJLRrTBfFDK4gRaQHaRvdyndM,no,
Solstice Restaurant & Wine Bar,Restaurants,,"1801 Lakeshore Rd W, Mississauga, ON L5J 1J6, Canada",(905) 822-1801,4.6,582,http://www.solsticerestaurant.ca/,https://mississaugainsider.ca/directory/restaurants/solstice-restaurant-and-wine-bar-8r5yf5/,ChIJQe7cSFxEK4gRmx83t-mUNMA,no,
More Thai (Port Credit),Restaurants,,"261 Lakeshore Rd E, Mississauga, ON L5G 1G8, Canada",(905) 990-6888,4.6,312,http://www.morethaifood.com/,https://mississaugainsider.ca/directory/restaurants/more-thai-port-credit-8mbfwg/,ChIJRRRW_Y1HK4gRUOROZTuqSgQ,no,
Afghan Zaiqa Point,Restaurants,,"2580 Shepard Ave, Mississauga, ON L5A 4K3, Canada",(647) 570-9896,4.6,65,http://afghanzaiqa.ca/,https://mississaugainsider.ca/directory/restaurants/afghan-zaiqa-point-yzbzv5/,ChIJcWyEfwBHK4gR4FgF1HOUx-E,no,
Masrawy Egyptian Kitchen,Restaurants,,"2275 Britannia Rd W Units 1, Mississauga, ON L5M 2G6, Canada",(647) 654-4444,4.5,7838,http://masrawykitchen.com/,https://mississaugainsider.ca/directory/restaurants/masrawy-egyptian-kitchen-6jy8m1/,ChIJ_3Fie4hqK4gRIBGaUG_ZDkI,no,
Befikre | Bar + Indian Kitchen,Restaurants,,"295 Enfield Pl, Mississauga, ON L5B 3Y7, Canada",(289) 548-5499,4.5,6685,http://befikre.ca/,https://mississaugainsider.ca/directory/restaurants/befikre-bar-indian-kitchen-wpxnba/,ChIJ4TsA8tpHK4gRSy_f81CFtnE,no,
WIND Japanese and Thai,Restaurants,,"6485 Mississauga Rd, Mississauga, ON L5N 1A6, Canada",(905) 567-8882,4.5,6556,http://www.windrestaurant.com/,https://mississaugainsider.ca/directory/restaurants/wind-japanese-and-thai-dlm24z/,ChIJ2_vRbytAK4gRo_2tHqgbOFg,no,
Reds Square One,Restaurants,,"100 City Centre Drive, 815 Square One Dr Unit #2, Mississauga, ON L5B 2C9, Canada",(905) 270-9090,4.5,5518,https://redsrestaurants.com/?locationId=891,https://mississaugainsider.ca/directory/restaurants/reds-square-one-kvlgr3/,ChIJ61G1yy5HK4gR1OXbj2vB0tA,no,
Chop Steakhouse & Bar,Restaurants,,"2001 Argentia Rd, Mississauga, ON L5N 2L3, Canada",(905) 812-2467,4.5,5457,https://chop.ca/locations/mississauga-meadowvale?utm_source=GMB&utm_medium=google-location-listing&utm_campaign=organic,https://mississaugainsider.ca/directory/restaurants/chop-steakhouse-and-bar-hh3mw4/,ChIJP35UroFqK4gRGK_DoE1BaAY,no,
El Mariachi Tacos And Churros,Restaurants,,"235 Queen St S, Mississauga, ON L5M 1L7, Canada",(905) 997-8333,4.5,4887,http://elmariachitacos.ca/,https://mississaugainsider.ca/directory/restaurants/el-mariachi-tacos-and-churros-clhgjt/,ChIJMwPvWLlBK4gRxgrJQ8YLI7M,no,
Mama Fatma Turkish Cuisine Mississauga,Restaurants,,"6970 Financial Dr, Mississauga, ON L5N 8J4, Canada",(905) 542-8181,4.5,3912,https://mamafatma.com/?UTM_Source=GMB_Mississauga,https://mississaugainsider.ca/directory/restaurants/mama-fatma-turkish-cuisine-mississauga-ozbxqz/,ChIJgWWe7fNrK4gR8XTszVKkG9s,no,
La Vecchia Restaurant Lakeshore,Restaurants,,"90 Marine Parade Dr, Etobicoke, ON M8V 0H6, Canada",(416) 251-5999,4.5,3581,https://lakeshore.lavecchia.ca/,https://mississaugainsider.ca/directory/restaurants/la-vecchia-restaurant-lakeshore-dg2nlp/,ChIJX6zM4mY3K4gRDykSaPJz8fE,no,
Browns Socialhouse Erin Mills,Restaurants,,"2525 Hampshire Gate #2b, Oakville, ON L6H 6C8, Canada",(905) 829-2727,4.5,3143,http://brownssocialhouse.com/erin-mills/,https://mississaugainsider.ca/directory/restaurants/browns-socialhouse-erin-mills-kxxiar/,ChIJJSIV_KVDK4gRLzQsQPF_R6Y,no,
Bait Sitty,Restaurants,,"3145 Dundas St W Unit 1, Mississauga, ON L5L 5V8, Canada",(647) 400-0488,4.5,2930,https://baitsittyrestaurant.com/,https://mississaugainsider.ca/directory/restaurants/bait-sitty-athq66/,ChIJ5VDgtcdDK4gRWlsqlRtB3U4,no,
Bobby's Hideaway,Restaurants,,"20 Queen St N, Mississauga, ON L5N 1A1, Canada",(905) 542-8863,4.5,2789,http://www.bobbyshideaway.com/,https://mississaugainsider.ca/directory/restaurants/bobby-s-hideaway-hf2qgv/,ChIJx-Zeyc5BK4gR41pmxYQZ87s,no,
Capra's Kitchen,Restaurants,,"1834 Lakeshore Rd W, Mississauga, ON L5J 1J7, Canada",(905) 916-1834,4.5,2520,http://www.capraskitchen.com/,https://mississaugainsider.ca/directory/restaurants/capra-s-kitchen-d4x1pp/,ChIJOSwULlxEK4gRAsISxWUqBNY,no,
Papa Giuseppe's,Restaurants,,"26 Lakeshore Rd E, Mississauga, ON L5G 1C8, Canada",(905) 990-5009,4.5,2490,http://papagiuseppes.com/,https://mississaugainsider.ca/directory/restaurants/papa-giuseppe-s-a1avds/,ChIJnXGgq3NGK4gR0Rja8zcI4Co,no,
FAT FORK,Restaurants,,"2200 Dundas St E #1, Mississauga, ON L4X 2V3, Canada",(905) 848-9595,4.5,2175,http://fatfork.ca/,https://mississaugainsider.ca/directory/restaurants/fat-fork-gmhlul/,ChIJb9LwqeM5K4gRCmIya2Cu9LE,no,
Alioli Ristorante,Restaurants,,"350 Burnhamthorpe Rd W, Mississauga, ON L5B 0N1, Canada",(905) 281-1122,4.5,2039,http://www.alioli.com/,https://mississaugainsider.ca/directory/restaurants/alioli-ristorante-osxaaj/,ChIJhWRiKtRGK4gRbc-PF1WSeLk,no,
Andaaz Social Kitchen & Bar,Restaurants,,"3900 Grand Park Dr Unit e1, Mississauga, ON L5B 4M6, Canada",(942) 588-0055,4.5,1900,https://andaazsocial.com/,https://mississaugainsider.ca/directory/restaurants/andaaz-social-kitchen-and-bar-qgrfgz/,ChIJMx-rbtJGK4gRK1I5xTPRBSM,no,
Bobby's Hideaway- Port Credit,Restaurants,,"398 Lakeshore Rd E, Mississauga, ON L5G 1H5, Canada",(905) 278-3688,4.5,1776,http://www.bobbyshideaway.com/,https://mississaugainsider.ca/directory/restaurants/bobby-s-hideaway-port-credit-8ziu2f/,ChIJJdRJSD1GK4gRVXzuSPN23nc,no,
Las Delicias,Restaurants,,"59 A Dundas St W, Mississauga, ON L5B 1H7, Canada",(905) 232-0060,4.5,1095,https://lasdeliciasmississauga.ca/,https://mississaugainsider.ca/directory/restaurants/las-delicias-4p5gbf/,ChIJWahI7-RGK4gRR15hF1Ok_2w,no,
Casalinga Ristorante,Restaurants,,"2057 Royal Windsor Dr, Mississauga, ON L5J 1K5, Canada",(905) 823-2000,4.5,972,https://www.casalingaristorante.com/,https://mississaugainsider.ca/directory/restaurants/casalinga-ristorante-jk5ztz/,ChIJ_d8Se4pEK4gRt4PjQUrYuTI,no,
Michael's Back Door Restaurant,Restaurants,,"1715 Lakeshore Rd W, Mississauga, ON L5J 1J4, Canada",(905) 822-5751,4.5,862,http://www.michaelsbackdoor.com/,https://mississaugainsider.ca/directory/restaurants/michael-s-back-door-restaurant-r5tl48/,ChIJ1yTHnlxEK4gR-BoRiSzLaMI,no,
Top Jerk Caribbean,Restaurants,,"180 Queen St S, Mississauga, ON L5M 1L3, Canada",(905) 821-8500,4.5,689,http://www.topjerk.com/,https://mississaugainsider.ca/directory/restaurants/top-jerk-caribbean-nxix8f/,ChIJT4RaaL1BK4gR2tjOt5l4488,no,
Clarkson Mediterranean Bistro,Restaurants,,"1731 Lakeshore Rd W, Mississauga, ON L5J 1J4, Canada",(905) 916-2283,4.5,657,https://clarksonmediterraneanbistro.com/,https://mississaugainsider.ca/directory/restaurants/clarkson-mediterranean-bistro-vs0oqm/,ChIJc7mkkFxEK4gRkcjQyCLxAAg,no,
Hello Bangkok Mississauga,Restaurants,,"62 Lakeshore Rd E, Mississauga, ON L5G 1E1, Canada",(647) 968-6062,4.5,536,https://hellobangkok.ca/,https://mississaugainsider.ca/directory/restaurants/hello-bangkok-mississauga-ms4bf8/,ChIJ-RsCyQBHK4gRY_XBvtVRs9Q,no,
Andiamo Pasta Plus,Restaurants,,"135 Queen St S, Mississauga, ON L5M 1K9, Canada",(905) 826-4904,4.5,498,http://www.andiamopastaplus.com/,https://mississaugainsider.ca/directory/restaurants/andiamo-pasta-plus-7xfdic/,ChIJOVdyRLhBK4gRd6hHm6akSKk,no,
Promenade Patio,Restaurants,,"135 Lakefront Promenade, Mississauga, ON L5G 1P3, Canada",(905) 615-3200 ext. 2747,4.5,31,,https://mississaugainsider.ca/directory/restaurants/promenade-patio-rhjik1/,ChIJ03jb1pRJK4gRhR4wJN7rGcE,no,
ZET'S Restaurant,Restaurants,,"6445 Airport Rd, Mississauga, ON L4V 1S7, Canada",(289) 800-2038,4.4,9066,https://www.zets.ca/,https://mississaugainsider.ca/directory/restaurants/zet-s-restaurant-e7l1ne/,ChIJda4bgWc5K4gReKmESQfLMcY,no,
Blackstone Steakhouse and Grill - Mississauga,Restaurants,,"6435 Erin Mills Pkwy, Mississauga, ON L5N 4H4, Canada",(905) 451-3384,4.4,6256,https://blackstonesteakhouse.ca/,https://mississaugainsider.ca/directory/restaurants/blackstone-steakhouse-and-grill-mississauga-u6ideo/,ChIJU8H07HdqK4gRxa3ID2KShGw,no,
IHOP Erin Mills,Restaurants,,"2575 Eglinton Ave W, Mississauga, ON L5M 7E1, Canada",(905) 608-2575,4.4,3792,http://www.torontopancakes.com/,https://mississaugainsider.ca/directory/restaurants/ihop-erin-mills-errvn8/,ChIJOTWxO9NBK4gRSuRx2H0kMus,no,
La Castile,Restaurants,,"2179 Dundas St E, Mississauga, ON L4X 1M3, Canada",(905) 625-1137,4.4,3264,http://www.lacastile.com/,https://mississaugainsider.ca/directory/restaurants/la-castile-8l4qzs/,ChIJXS-QgQQ4K4gRdFWhj1LPURI,no,
"The Crooked Cue, Port Credit, Mississauga",Restaurants,,"75 Lakeshore Rd E, Mississauga, ON L5G 1C9, Canada",(905) 271-7665,4.4,2776,http://mississauga.crookedcue.ca/,https://mississaugainsider.ca/directory/restaurants/the-crooked-cue-port-credit-mississauga-9t02v2/,ChIJQRbH6nJGK4gRUxmg2mySkTo,no,
The Backyard Smokehouse Mississauga,Restaurants,,"4188 Living Arts Dr, Mississauga, ON L5B 0G7, Canada",(437) 561-0088,4.4,1545,https://thebackyardsmokehouse.ca/bbq-restaurant-mississauga/,https://mississaugainsider.ca/directory/restaurants/the-backyard-smokehouse-mississauga-9wcvh5/,ChIJybdnxIxHK4gRiYxHDii5qZA,no,
The Clarkson Pump & Patio,Restaurants,,"1744 Lakeshore Rd W, Mississauga, ON L5J 4N8, Canada",(905) 855-9354,4.4,1492,http://www.clarksonpump.com/,https://mississaugainsider.ca/directory/restaurants/the-clarkson-pump-and-patio-gyqfqi/,ChIJh55uiVxEK4gReXAx8l1Sl8w,no,
D Spot Desserts Malton Mississauga,Restaurants,,"6795 Airport Rd A2, Mississauga, ON L4V 1E6, Canada",(905) 677-0201,4.4,1018,https://www.dspotdessert.com/,https://mississaugainsider.ca/directory/restaurants/d-spot-desserts-malton-mississauga-hi43h3/,ChIJMS5XoOY5K4gRf2h-ljyWA_A,no,
Tadka Marun Mississauga,Restaurants,,"7058 Airport Rd, Mississauga, ON L4T 2G8, Canada",(647) 285-5154,4.4,772,https://maharashtrianfoods.ca/,https://mississaugainsider.ca/directory/restaurants/tadka-marun-mississauga-fdlpmy/,ChIJJQGkccs7K4gRVpbRiWw5P0I,no,
Crepes De Luxe,Restaurants,,"5100 Erin Mills Pkwy, Mississauga, ON L5M 4Z5, Canada",(905) 608-1118,4.4,687,https://crepesdeluxe.ca/menu,https://mississaugainsider.ca/directory/restaurants/crepes-de-luxe-4b7etl/,ChIJIQFxUl9BK4gRl3gQwDJOQXg,no,
bar soho,Restaurants,,"80 Lakeshore Rd E, Mississauga, ON L5G 1E1, Canada",,4.4,347,http://www.canvasartbar.ca/,https://mississaugainsider.ca/directory/restaurants/bar-soho-uol1ea/,ChIJE1Cd9PZHK4gRuvdrBHUMJRs,no,
Lal Chand’s Bakery and Cafe,Cafés & Bakeries,,"511 Ray Lawson Blvd #7, Brampton, ON L6Y 0N2, Canada",(905) 451-8468,4.9,1373,http://lalchandbakery.com/,https://mississaugainsider.ca/directory/cafes/lal-chand-s-bakery-and-cafe-1tvwem/,ChIJ8cPqiKs_K4gRlSIM4GcOqu0,no,
CROWN PASTRIES,Cafés & Bakeries,,"3480 Platinum Dr Unit 96, Mississauga, ON L5M 2S1, Canada",(905) 828-0700,4.9,1151,https://www.crownpastries.com/,https://mississaugainsider.ca/directory/cafes/crown-pastries-l3vs71/,ChIJi9uiQQBDK4gRFhg7ZhwLSVU,no,
Lale Bakery Caffe,Cafés & Bakeries,,"3665 Lake Shore Blvd W, Etobicoke, ON M8W 1N6, Canada",(416) 259-0801,4.9,346,http://lalebakery.com/,https://mississaugainsider.ca/directory/cafes/lale-bakery-caffe-0buk8e/,ChIJ-Uhz3EFIK4gRS14_InSyB8A,no,
Momochee's Desserts,Cafés & Bakeries,,"263 Lakeshore Rd E, Mississauga, ON L5G 1G8, Canada",(905) 274-3813,4.9,251,http://momocheesdesserts.ca/,https://mississaugainsider.ca/directory/cafes/momochee-s-desserts-6icreg/,ChIJSbmQZ_dHK4gR_fTS4Y8iuC8,no,
Crepepresso Dessert Cafe,Cafés & Bakeries,,"4070 Living Arts Dr Unit 2, Mississauga, ON L5B 4N3, Canada",(437) 605-5006,4.9,128,https://crepepresso.com/,https://mississaugainsider.ca/directory/cafes/crepepresso-dessert-cafe-v4ergr/,ChIJ-_SJ0ENHK4gRNlIAdi508vQ,no,
The Bakers,Cafés & Bakeries,,"100 City Centre Dr #1-831, Mississauga, ON L5B 2C9, Canada",(905) 607-1711,4.9,115,https://thebakers.ca/locations/square-one,https://mississaugainsider.ca/directory/cafes/the-bakers-90sccy/,ChIJpbo0WABBK4gRNSdygjg2PtU,no,
Revrea's Grill & Bakeshop,Cafés & Bakeries,,"1057 Dundas St W, Mississauga, ON L5C 1C3, Canada",(905) 566-9015,4.9,44,http://revreas.com/,https://mississaugainsider.ca/directory/cafes/revrea-s-grill-and-bakeshop-i23p8d/,ChIJVZNpTHhHK4gRZbK0jsB9gpg,no,
Qamaria Yemeni Coffee Co.,Cafés & Bakeries,,"271 Queen St S, Mississauga, ON L5M 1L9, Canada",(289) 814-9777,4.8,2477,https://www.qamariacoffee.com/,https://mississaugainsider.ca/directory/cafes/qamaria-yemeni-coffee-co-gpmtg9/,ChIJq4QxEwBBK4gRXRgr3NWMaUY,no,
LOLO Sweet & Event,Cafés & Bakeries,,"2225 Erin Mills Pkwy, Mississauga, ON L5K 1T9, Canada",(647) 668-4221,4.8,623,http://www.loloswt.com/,https://mississaugainsider.ca/directory/cafes/lolo-sweet-and-event-wwiy9d/,ChIJj32Ym3xBK4gRuONhAX9ynP8,no,
Mik Café,Cafés & Bakeries,,"577 Burnhamthorpe Rd, Etobicoke, ON M9C 2Y3, Canada",(416) 695-9331,4.8,583,http://mikcafe.com/,https://mississaugainsider.ca/directory/cafes/mik-cafe-cwq3hp/,ChIJMXoNwAo5K4gRKytXS0tZVSs,no,
Back Road Coffee Roasters,Cafés & Bakeries,,"133 Queen St E, Mississauga, ON L5G 1N1, Canada",(647) 287-2727,4.8,558,http://www.backroadcoffee.ca/,https://mississaugainsider.ca/directory/cafes/back-road-coffee-roasters-cnlkfy/,ChIJbxp5piNHK4gRXZB-lzwT8kQ,no,
Knight & Rose Café,Cafés & Bakeries,,"236 Queen St S Second Floor, Mississauga, ON L5M 1L5, Canada",(437) 918-9114,4.8,410,http://www.knightandrosecafe.ca/,https://mississaugainsider.ca/directory/cafes/knight-and-rose-cafe-bnsni5/,ChIJOWYbCkRBK4gRS4E6eCO94Qw,no,
Bear Cake,Cafés & Bakeries,,"1960 Dundas St W #8, Mississauga, ON L5K 2R9, Canada",(905) 822-7676,4.8,137,,https://mississaugainsider.ca/directory/cafes/bear-cake-xxcbqr/,ChIJ6Z8HNQBDK4gRr9y8PZ3NYAY,no,
Coffee At Carltons,Cafés & Bakeries,,"Brightwater Experience Centre, 220 Missinnihe Wy, Mississauga, ON L5H 0A7, Canada",(647) 832-1799,4.8,77,https://www.coffeeatcarltons.com/,https://mississaugainsider.ca/directory/cafes/coffee-at-carltons-9ta5ud/,ChIJT21kTrlHK4gRsw5oO5dPAcs,no,
Buka Maranga Cafe & Catering,Cafés & Bakeries,,"6465 Millcreek Dr, Mississauga, ON L5N 5R3, Canada",(905) 812-8777,4.7,1526,http://www.bukamaranga.ca/,https://mississaugainsider.ca/directory/cafes/buka-maranga-cafe-and-catering-9ij2ec/,ChIJLYF_7nhqK4gRgC1RAYC3aMU,no,
D Spot Desserts Mississauga Erin Mills,Cafés & Bakeries,,"6435 Erin Mills Pkwy c04, Mississauga, ON L5N 4H4, Canada",(905) 257-1584,4.7,1130,https://www.dspotdessert.com/,https://mississaugainsider.ca/directory/cafes/d-spot-desserts-mississauga-erin-mills-2eknfk/,ChIJRxdxwg1rK4gRnKNEjV4ZO1M,no,
Paris Baguette,Cafés & Bakeries,,"171 N Queen St G2, Etobicoke, ON M9C 1A7, Canada",(416) 218-5239,4.7,1031,https://www.parisbaguette.ca/locations/on/etobicoke/171-north-queen-street,https://mississaugainsider.ca/directory/cafes/paris-baguette-03qj8d/,ChIJ5QwOVQA3K4gRnrV3ruJUdnQ,no,
Dough Master,Cafés & Bakeries,,"128 Queen St S #23, Mississauga, ON L5M 1K8, Canada",(905) 997-7974,4.7,984,http://www.doughmaster.ca/,https://mississaugainsider.ca/directory/cafes/dough-master-r6dp1t/,ChIJXdrfsUJBK4gRaZ4BydPQrR8,no,
The Bakers,Cafés & Bakeries,,"3450 Platinum Dr #5, Mississauga, ON L5M 2S4, Canada",(905) 607-1711,4.7,774,https://thebakers.ca/locations/ridgeway,https://mississaugainsider.ca/directory/cafes/the-bakers-guxrju/,ChIJK4WTORJDK4gRRLhLoUKeO1w,no,
Daan Go Cake Lab,Cafés & Bakeries,,"4557 Hurontario St B9, Mississauga, ON L4Z 3M2, Canada",(905) 502-9664,4.7,679,http://www.daango.com/,https://mississaugainsider.ca/directory/cafes/daan-go-cake-lab-cbf2u9/,ChIJkTQGTHRHK4gRk431gqOOprw,no,
Cordi Italian Bakery,Cafés & Bakeries,,"1891 Rathburn Rd E, Mississauga, ON L4W 3Z3, Canada",(905) 629-1243,4.7,558,,https://mississaugainsider.ca/directory/cafes/cordi-italian-bakery-cckirw/,ChIJG3cUKmQ4K4gRqNuIdVulFvs,no,
Little Rose Cookie Co.,Cafés & Bakeries,,"13 Main St, Mississauga, ON L5M 1X4, Canada",(365) 220-7673,4.7,520,http://www.littlerosecookieco.com/,https://mississaugainsider.ca/directory/cafes/little-rose-cookie-co-2b72zq/,ChIJWzl4G6hqK4gRw_RPzOgiN7I,no,
Town Talk Bakery Cafe,Cafés & Bakeries,,"206C Queen St S, Mississauga, ON L5M 1L3, Canada",(905) 821-1166,4.7,363,https://towntalkbakery.ca/,https://mississaugainsider.ca/directory/cafes/town-talk-bakery-cafe-kfpj2j/,ChIJVZ91y7WqUEARptMgxBME6yI,no,
Red moon bakery and cafe ( malton),Cafés & Bakeries,,"4025 Brandon Gate Dr, Mississauga, ON L4T 3Z9, Canada",(942) 588-4545,4.7,285,,https://mississaugainsider.ca/directory/cafes/red-moon-bakery-and-cafe-malton-6dpg9k/,ChIJfxVJYcE7K4gRLB7HCO4LvFo,no,
Happy Cake House,Cafés & Bakeries,,"3085 Hurontario St Unit 22, Mississauga, ON L5E 4E4, Canada",(905) 275-8333,4.7,175,,https://mississaugainsider.ca/directory/cafes/happy-cake-house-62geg6/,ChIJXwUDbeNGK4gROnDjomV7Xmc,no,
Monastery Bakery & Delicatessen Ltd,Cafés & Bakeries,,"1133 Monastery Dr, Oakville, ON L6M 2A2, Canada",(905) 847-1020,4.6,4405,http://www.monasterybakery.com/,https://mississaugainsider.ca/directory/cafes/monastery-bakery-and-delicatessen-ltd-1pkz6x/,ChIJX_pOwHddK4gR_S5HWzBNwjc,no,
Mr. Puffs,Cafés & Bakeries,,"700 Matheson Blvd W #2, Mississauga, ON L5R 3T2, Canada",(647) 276-0420,4.6,2123,https://mrpuffs.com/store-locator/,https://mississaugainsider.ca/directory/cafes/mr-puffs-sqx8ov/,ChIJidzhiUNBK4gR1gt4dxFLU6s,no,
Truscott Italian Bakery & Delicatessen,Cafés & Bakeries,,"2425 Truscott Dr Unit 28, Mississauga, ON L5J 2B4, Canada",(905) 403-9550,4.6,1850,http://truscottbakery.com/,https://mississaugainsider.ca/directory/cafes/truscott-italian-bakery-and-delicatessen-bg6rhr/,ChIJawGffoBEK4gRbjtvTD79W2A,no,
Irene's Celebrity Cakes,Cafés & Bakeries,,"1258 Eglinton Ave E, Mississauga, ON L4W 1K8, Canada",(905) 624-5545,4.6,1132,http://www.irenescelebritycakes.ca/,https://mississaugainsider.ca/directory/cafes/irene-s-celebrity-cakes-iqg6h0/,ChIJyR3f3Jk4K4gRuB3KRZJUb5U,no,
Almast Turkish Dessert,Cafés & Bakeries,,"1370 Dundas St E, Mississauga, ON L4Y 4G4, Canada",(647) 293-8978,4.6,890,https://almastturkishdessert.shop/,https://mississaugainsider.ca/directory/cafes/almast-turkish-dessert-185ra7/,ChIJ-U4Jmp5HK4gR5Z6Ma8ftazg,no,
Tokyo Cheesecake Cafe,Cafés & Bakeries,,"257 Dundas St E Unit 12, Mississauga, ON L5A 1W8, Canada",(905) 896-7888,4.6,699,https://www.ubereats.com/ca/store/tokyo-cheesecake-cafe-by-bnc/yu5Y0wfQRHasiU4yUS_TcA?srsltid=AfmBOop8xASPaen9vocyIbffp1Xq6LgmYbpiOcxRgNy_2u9NErbBFJle,https://mississaugainsider.ca/directory/cafes/tokyo-cheesecake-cafe-j6way8/,ChIJP75XkwFHK4gRM3CfX50fElE,no,
Tea One Bakery & Cafe,Cafés & Bakeries,,"900 Rathburn Rd W E4, Mississauga, ON L5C 4K5, Canada",(905) 828-8183,4.6,561,http://www.teaone.ca/,https://mississaugainsider.ca/directory/cafes/tea-one-bakery-and-cafe-7jzsox/,ChIJQaYb98hBK4gRti23IS9icV0,no,
Le Delice Pastry Shop,Cafés & Bakeries,,"1150 Lorne Park Rd, Mississauga, ON L5H 3J7, Canada",(905) 278-9684,4.6,331,http://www.ledelicepastryshop.com/,https://mississaugainsider.ca/directory/cafes/le-delice-pastry-shop-lwlroi/,ChIJ740gZTdEK4gR8FybRv7aPGg,no,
The Bake and Brew Cafe,Cafés & Bakeries,,"216 Queen St S B, Mississauga, ON L5M 1L5, Canada",(437) 771-1569,4.6,230,http://www.thebakebrewcafe.com/,https://mississaugainsider.ca/directory/cafes/the-bake-and-brew-cafe-sb4okj/,ChIJr6LwuZNBK4gRosSvn0Qv7uQ,no,
Sweet Temptation Bakery Inc,Cafés & Bakeries,,"500 Hensall Cir, Mississauga, ON L5A 1Y1, Canada",(905) 272-2161,4.6,184,,https://mississaugainsider.ca/directory/cafes/sweet-temptation-bakery-inc-wr9d46/,ChIJ8-hA6KlHK4gR3IuuMw_gaqw,no,
BONDUC Coffee,Cafés & Bakeries,,"5023 Spectrum Way, Mississauga, ON L4W 5N6, Canada",,4.6,181,,https://mississaugainsider.ca/directory/cafes/bonduc-coffee-wpfq3g/,ChIJ2dKZOwU5K4gRn3dia0nFRsQ,no,
GOLD CHERRY BAKERY,Cafés & Bakeries,,"233 Lakeshore Rd E, Mississauga, ON L5G 1G8, Canada",(905) 274-2253,4.6,153,http://www.goldcherrybakery.ca/,https://mississaugainsider.ca/directory/cafes/gold-cherry-bakery-0msgwc/,ChIJoXjNh8JHK4gRP0xMYYFWTbU,no,
The Purple Bakeshop,Cafés & Bakeries,,"5100 Erin Mills Pkwy, Mississauga, ON L5M 4Z5, Canada",(437) 439-4822,4.6,117,http://thepurplebakeshop.com/,https://mississaugainsider.ca/directory/cafes/the-purple-bakeshop-23rrxe/,ChIJrYcnMgBBK4gRYqgm3GA6pY8,no,
Mon Gat'ô Patisserie,Cafés & Bakeries,,"150 Lakeshore Rd W Ste 114, Mississauga, ON L5H 1G2, Canada",(905) 990-6999,4.6,49,,https://mississaugainsider.ca/directory/cafes/mon-gat-o-patisserie-gomy80/,ChIJK4HO4gtHK4gRdxXesFoGxO4,no,
Lazar Famous Deli & Bakery,Cafés & Bakeries,,"325 Central Pkwy W Unit 12, Mississauga, ON L5B 3X9, Canada",(905) 896-1040,4.5,3349,http://www.lazarbakery.ca/,https://mississaugainsider.ca/directory/cafes/lazar-famous-deli-and-bakery-qv1hb8/,ChIJdwEoidlGK4gRmXErmr4jV9g,no,
Jabal Coffee House,Cafés & Bakeries,,"3515 Odyssey Dr Unit 63, Mississauga, ON L5M 2S4, Canada",(905) 828-9800,4.5,3169,https://jabalcoffeehouse.com/,https://mississaugainsider.ca/directory/cafes/jabal-coffee-house-fv8yjv/,ChIJLZMkOABDK4gRjU1DQvy7mvo,no,
The Dough Diaries,Cafés & Bakeries,,"3535 Odyssey Dr Unit 90, Mississauga, ON L5M 2S4, Canada",(437) 980-2700,4.5,1525,https://www.thedoughstory.ca/,https://mississaugainsider.ca/directory/cafes/the-dough-diaries-4kj12e/,ChIJQ_A7R-lDK4gRNH_jrmAYrlI,no,
Britannia Italian Bakery,Cafés & Bakeries,,"5925 Grossbeak Dr, Mississauga, ON L5N 7X6, Canada",(905) 824-1926,4.5,1225,http://britanniabakery.ca/,https://mississaugainsider.ca/directory/cafes/britannia-italian-bakery-b300kl/,ChIJo5BEHx1qK4gR-1MOI6O-RTk,no,
La Novita Bakery,Cafés & Bakeries,,"25 John St, Mississauga, ON L5A 1Y5, Canada",(905) 279-7557,4.5,998,https://www.lanovita.ca/,https://mississaugainsider.ca/directory/cafes/la-novita-bakery-171sfp/,ChIJP7VhFeJGK4gRN06fiEBTKPI,no,
Lazio Italian Bakery,Cafés & Bakeries,,"4646 Heritage Hills Blvd, Mississauga, ON L5R 1N4, Canada",(905) 568-2645,4.5,708,,https://mississaugainsider.ca/directory/cafes/lazio-italian-bakery-74paxk/,ChIJUy_-7s9AK4gRkcI3uHMjb-E,no,
Lisboa Bakery & Deli,Cafés & Bakeries,,"735 Twain Ave, Mississauga, ON L5W 1X1, Canada",(905) 670-7991,4.5,670,,https://mississaugainsider.ca/directory/cafes/lisboa-bakery-and-deli-p1vvzy/,ChIJJztvW_c_K4gRukEXHAxalDQ,no,
Bite Me! Snacks & Bakery,Cafés & Bakeries,,"7215 Goreway Dr Level 2, Mississauga, ON L4T 0B4, Canada",(905) 537-2222,4.5,495,https://www.biteme-slowly.com/,https://mississaugainsider.ca/directory/cafes/bite-me-snacks-and-bakery-c4mvjs/,ChIJr_klOu07K4gRH_FLskaeLKE,no,
Armeen's Cake & Bake Shop Mississauga,Cafés & Bakeries,,"2275 Britannia Rd W, Mississauga, ON L5M 2G6, Canada",(905) 821-2253,4.5,472,https://www.armeenscakes.com/,https://mississaugainsider.ca/directory/cafes/armeen-s-cake-and-bake-shop-mississauga-x9ri1k/,ChIJn1R-zsRBK4gRTR0sj8-uzb8,no,
Rania's Cakes,Cafés & Bakeries,,"243 Lakeshore Rd E, Mississauga, ON L5G 1G8, Canada",(647) 368-6134,4.5,362,http://www.raniascakes.ca/,https://mississaugainsider.ca/directory/cafes/rania-s-cakes-wze5gk/,ChIJl_8j0QZHK4gRsrSJHAEJejk,no,
D Spot Dessert Cafe Mississauga Port Credit,Cafés & Bakeries,,"215 Lakeshore Rd W Unit 6, Mississauga, ON L5H 0A7, Canada",(905) 271-2333,4.5,324,https://www.dspotdessert.com/,https://mississaugainsider.ca/directory/cafes/d-spot-dessert-cafe-mississauga-port-credit-l5a5q2/,ChIJx7ohKSlHK4gRRfkPYz1_BMc,no,
Daly Grind Cafe,Cafés & Bakeries,,"1680 Lakeshore Rd W Unit 1, Mississauga, ON L5J 1J5, Canada",(905) 916-6900,4.5,223,http://thedalygrind.com/,https://mississaugainsider.ca/directory/cafes/daly-grind-cafe-siobug/,ChIJTTvSdrBFK4gR02lbR1yqEXc,no,
Matari Coffee Co.,Cafés & Bakeries,,"3465 Platinum Dr Unit 97, Mississauga, ON L5M 2S1, Canada",(905) 569-8111,4.4,1738,https://order.toasttab.com/online/mataricoffee-mississauga,https://mississaugainsider.ca/directory/cafes/matari-coffee-co-f563r2/,ChIJWbQIh55DK4gR14LdSwKYXiU,no,
Nova Pastry & Bakery,Cafés & Bakeries,,"3635 Cawthra Rd, Mississauga, ON L5A 2Y5, Canada",(905) 279-3206,4.4,1639,http://www.novabakery.ca/,https://mississaugainsider.ca/directory/cafes/nova-pastry-and-bakery-mp9qol/,ChIJ5wXPnW1HK4gR6kb7GCso51g,no,
La Casa Dolce Bakery & Cafe,Cafés & Bakeries,,"755 Queensway St. E, Unit 101, 755 Queensway E Unit 101, Mississauga, ON L4Y 4C5, Canada",(905) 896-2253,4.4,1394,http://lacasadolce.ca/,https://mississaugainsider.ca/directory/cafes/la-casa-dolce-bakery-and-cafe-fq1sg7/,ChIJe5ZyoRpIK4gRjvojeVe2Rpo,no,
Bakery On Mavis,Cafés & Bakeries,,"5700 Mavis Rd, Mississauga, ON L5V 2N6, Canada",(905) 507-0959,4.4,1300,http://bakeryonmavis.com/,https://mississaugainsider.ca/directory/cafes/bakery-on-mavis-9lzxhx/,ChIJ_W8FzkFBK4gRa--OcOoGmls,no,
La Villa Bakery and Café,Cafés & Bakeries,,"331 Lakeshore Rd E, Mississauga, ON L5G 1H4, Canada",(905) 274-5225,4.4,457,https://lavillabakery.com/,https://mississaugainsider.ca/directory/cafes/la-villa-bakery-and-cafe-lku09v/,ChIJoUuyLBZGK4gRY0m_7OVaqRw,no,
Akko Cake House,Cafés & Bakeries,,"4040 Creditview Rd B1, Mississauga, ON L5C 4E3, Canada",(905) 279-9281,4.4,424,,https://mississaugainsider.ca/directory/cafes/akko-cake-house-3lkk9y/,ChIJKaj84EZBK4gRmQS4BogB4cY,no,
French Corner Patisserie,Cafés & Bakeries,,"1224 Dundas St W #114, Mississauga, ON L5C 4G7, Canada",(905) 566-1919,4.3,1759,https://frenchcornerpatisserie.com/,https://mississaugainsider.ca/directory/cafes/french-corner-patisserie-9iprk7/,ChIJebyDp6tGK4gRfH6uBFuxMW4,no,
Coffee Culture Café & Eatery,Cafés & Bakeries,,"515 Lakeshore Rd E #101, Mississauga, ON L5G 1H9, Canada",(905) 990-6611,4.3,867,https://www.coffeeculturecafe.com/,https://mississaugainsider.ca/directory/cafes/coffee-culture-cafe-and-eatery-iuez2i/,ChIJHxvCYiNGK4gRJ0CAr_PrBnI,no,
Bread and Salt Bakehouse,Cafés & Bakeries,,"3455 Semenyk Ct, Mississauga, ON L5C 4P9, Canada",(905) 306-0010,4.3,719,http://www.breadandsalt.ca/,https://mississaugainsider.ca/directory/cafes/bread-and-salt-bakehouse-xl1q5p/,ChIJL2baqM5BK4gReIPW4ZYofZ0,no,
Caffe Prego,Cafés & Bakeries,,"3115 Dundas St W, Mississauga, ON L5L 3R8, Canada",(905) 569-0922,4.3,374,,https://mississaugainsider.ca/directory/cafes/caffe-prego-m0mz9v/,ChIJuRBnUa9DK4gR-KpqoRXFsf0,no,
Columbus Café,Cafés & Bakeries,,"5100 Erin Mills Pkwy, Mississauga, ON L5M 4Z5, Canada",(905) 956-9501,4.3,131,https://columbuscafe.co/,https://mississaugainsider.ca/directory/cafes/columbus-cafe-oc0eaj/,ChIJ37GENfVBK4gRGAsFVCuSaYk,no,
Danish Pastry House,Cafés & Bakeries,,"129 Lakeshore Rd E, Mississauga, ON L5G 1E5, Canada",(905) 828-1777,4.3,78,https://danishpastryhouse.ca/,https://mississaugainsider.ca/directory/cafes/danish-pastry-house-jbvs9r/,ChIJGbCLTwBHK4gR6dz3qTXtOS0,no,
French Corner Patisserie,Cafés & Bakeries,,"1661 Lakeshore Rd W, Mississauga, ON L5J 1J4, Canada",(905) 822-2222,4.2,143,https://frenchcornerpatisserie.com/,https://mississaugainsider.ca/directory/cafes/french-corner-patisserie-7f0aep/,ChIJSTSLryhFK4gRnz7nrnAm2ps,no,
Archtop Coffee Bar,Cafés & Bakeries,,"91 Lakeshore Rd E, Mississauga, ON L5G 2Y5, Canada",(905) 271-1299,4.1,892,https://archtopcafe.myshopify.com/,https://mississaugainsider.ca/directory/cafes/archtop-coffee-bar-l083p8/,ChIJ4-Dzc3BHK4gRv72ZOSnqU3I,no,
Danish Pastry House,Cafés & Bakeries,,"5100 Erin Mills Pkwy, Mississauga, ON L5M 4Z5, Canada",(905) 828-1777,4.1,146,https://danishpastryhouse.ca/,https://mississaugainsider.ca/directory/cafes/danish-pastry-house-c4zl8o/,ChIJ1cwLyZZBK4gRtEQ5lLZ5pSE,no,
Au Pain Doré,Cafés & Bakeries,,"100 City Centre Dr Unit 2-712, Mississauga, ON L5B 2C9, Canada",(905) 566-1000,4,187,https://atelier.aupaindore.com/,https://mississaugainsider.ca/directory/cafes/au-pain-dore-z7yny3/,ChIJ3aDwXelHK4gREosTUr3M59E,no,
Delex Plumbing and Drains,Trades & Home Services,Plumbers,"Unit 100, 4299 Village Centre Ct Suite 106, Mississauga, ON L4Z 1S2, Canada",(416) 910-2550,5,424,https://www.delexplumbing.ca/,https://mississaugainsider.ca/directory/trades/delex-plumbing-and-drains-t09chv/,ChIJ6RJshiFDK4gRyAtHg-dMeJQ,no,
Aqua Plumbing of Mississauga,Trades & Home Services,Plumbers,"3095 Wolfedale Rd, Mississauga, ON L5C 1V8, Canada",(647) 492-4456,5,254,http://aquaplumbing.org/,https://mississaugainsider.ca/directory/trades/aqua-plumbing-of-mississauga-l3xoyu/,ChIJK1NVQEBHK4gRT-k4L5Hou4Y,no,
Pryde Group Corp,Trades & Home Services,Plumbers,"4279 Woodington Dr, Mississauga, ON L4Z 1M1, Canada",(647) 916-9046,5,203,https://prydegroupcorp.com/,https://mississaugainsider.ca/directory/trades/pryde-group-corp-85xacp/,ChIJWxeFkrA5K4gR7cQkZNxP0ac,no,
Greenway Plumbing Services,Trades & Home Services,Plumbers,"6864 Estoril Rd 1st floor, Mississauga, ON L5N 1N1, Canada",(647) 774-8811,5,188,https://greenwayplumbing.ca/,https://mississaugainsider.ca/directory/trades/greenway-plumbing-services-mst433/,ChIJ5emFIddrK4gRf88KiNtX2BY,no,
Mahmoud Plumber | Emergency Plumbing GTA,Trades & Home Services,Plumbers,"5465 Festival Dr, Mississauga, ON L5M 0G6, Canada",(437) 218-6580,5,129,https://www.mahmoudplumber.ca/,https://mississaugainsider.ca/directory/trades/mahmoud-plumber-emergency-plumbing-gta-eexd8w/,ChIJi_nt2iNTTgkRzAcGTv5kXsg,no,
Top 24/7 Plumbing,Trades & Home Services,Plumbers,"6435 Erin Mills Pkwy, Mississauga, ON L5N 4H4, Canada",(647) 697-0314,5,117,https://top247plumbing.ca/,https://mississaugainsider.ca/directory/trades/top-24-7-plumbing-3ajtui/,ChIJ6W59W7RrK4gR3-yPaEOnOig,no,
Plumber Express Rescue Mississauga,Trades & Home Services,Plumbers,"2 Robert Speck Pkwy #7, Mississauga, ON L4Z 1H8, Canada",(647) 955-1856,5,115,https://plumberrapidrescuemississaugaa.ca/,https://mississaugainsider.ca/directory/trades/plumber-express-rescue-mississauga-gfh4np/,ChIJc5Zv68tHK4gR2XHTbXhAw74,no,
Browns Line Plumbing,Trades & Home Services,Plumbers,"100 Browns Line, Etobicoke, ON M8W 3T1, Canada",(647) 905-0467,5,92,https://brownslineplumbing.ca/,https://mississaugainsider.ca/directory/trades/browns-line-plumbing-ox9htu/,ChIJaRWn_DNJK4gR2YrmgPLxaU0,no,
Pipe Dreams Plumbing of Mississauga,Trades & Home Services,Plumbers,"60 Bristol Rd E #237, Mississauga, ON L4Z 3K8, Canada",(647) 370-2743,5,89,https://plumbingsolutions.site/pipe-dreams-plumbing-mississauga/,https://mississaugainsider.ca/directory/trades/pipe-dreams-plumbing-of-mississauga-u6jys6/,ChIJkWYxqrtBK4gRHeHUYBhd0o8,no,
Coldstream Plumbing & Heating Ltd,Trades & Home Services,Plumbers,"2408 Haines Rd Unit 5, Mississauga, ON L4Y 1Y6, Canada",(905) 949-4400,5,85,https://coldstreamplumbing.com/about-us/,https://mississaugainsider.ca/directory/trades/coldstream-plumbing-and-heating-ltd-ug2816/,ChIJE50muxE2K4gRQhiU2mVPq1Y,no,
ClearDrain Plumber Mississauga,Trades & Home Services,Plumbers,"1815 Lakeshore Rd W, Mississauga, ON L5J 1J6, Canada",(647) 699-5044,5,78,http://cleardrainplumbermississauga.ca/,https://mississaugainsider.ca/directory/trades/cleardrain-plumber-mississauga-nw2n7q/,ChIJidgWjgpFK4gRHtXp1-_GTug,no,
TrueFlow Plumbing Mississauga,Trades & Home Services,Plumbers,"7111 Syntex Dr Fl 3 Unit 321, Mississauga, ON L5N 8C3, Canada",(647) 560-5475,5,74,https://trueflowplumbingdrain.ca/,https://mississaugainsider.ca/directory/trades/trueflow-plumbing-mississauga-f60iw7/,ChIJN5VuI6lrK4gR1ccaxcl3Wo4,no,
Atre Drain and Plumbing,Trades & Home Services,Plumbers,"4815 Dovehouse Dr, Mississauga, ON L5M 7K7, Canada",(647) 977-9662,5,73,https://atreplumbing.com/plumber-mississauga/,https://mississaugainsider.ca/directory/trades/atre-drain-and-plumbing-al78aq/,ChIJk9CAsVpBK4gRuoNdmNh5UKQ,no,
DrainEx Plumbing of Mississauga,Trades & Home Services,Plumbers,"3075 Ridgeway Dr Unit 212, Mississauga, ON L5L 5M6, Canada",(437) 475-2566,5,71,http://drainexplumbing.site/,https://mississaugainsider.ca/directory/trades/drainex-plumbing-of-mississauga-pvz57v/,ChIJcbVH6G5DK4gRRwMPL1T6MuM,no,
Mineola Plumbing,Trades & Home Services,Plumbers,"20 Mineola Rd E, Mississauga, ON L5G 4N9, Canada",(647) 794-3303,5,65,https://mineolaplumbing.ca/,https://mississaugainsider.ca/directory/trades/mineola-plumbing-x9s7ty/,ChIJfZyBEyFHK4gR-nRwEHtdIbE,no,
Lorne Park Plumbing,Trades & Home Services,Plumbers,"1107 Lorne Park Rd, Mississauga, ON L5H 3A1, Canada",(647) 360-8965,5,61,https://lorneparkplumbing.com/,https://mississaugainsider.ca/directory/trades/lorne-park-plumbing-o8ztbh/,ChIJlwBTdSxFK4gRcHov-KsFkFY,no,
TheRestorators Plumbing of Mississauga,Trades & Home Services,Plumbers,"5105 Hurontario St #103, Mississauga, ON L4Z 0C9, Canada",(647) 584-5567,5,55,https://therestoratorsplumbing.ca/,https://mississaugainsider.ca/directory/trades/therestorators-plumbing-of-mississauga-lxposc/,ChIJn1laUvhBK4gRK_iE3m4idko,no,
Rosedale plumbing,Trades & Home Services,Plumbers,"776 Dundas St E, Mississauga, ON L4Y 2B6, Canada",(647) 846-1154,5,53,https://rosedaleplumbing.ca/,https://mississaugainsider.ca/directory/trades/rosedale-plumbing-58erx2/,ChIJo_Cymi9HK4gRC9Qt_go44BU,no,
CDP Plumbing of Mississauga,Trades & Home Services,Plumbers,"3038 Hurontario St, Mississauga, ON L5B 3B9, Canada",(647) 696-1651,5,45,https://cdpplumbing.ca/,https://mississaugainsider.ca/directory/trades/cdp-plumbing-of-mississauga-6zf91r/,ChIJxcso3fJHK4gRoA4L6MDf9do,no,
Express Plumbing Mississauga,Trades & Home Services,Plumbers,"7045 Millcreek Dr, Mississauga, ON L5N 3R3, Canada",(647) 933-5376,5,41,https://expressplumber.org/mississauga,https://mississaugainsider.ca/directory/trades/express-plumbing-mississauga-q6go5u/,ChIJCwnYEUJrK4gR0Ht3wIDFF9A,no,
ANOR PLUMBING & HEATING INC,Trades & Home Services,Plumbers,"2818 Westbury Ct, Mississauga, ON L5M 6B4, Canada",(647) 554-7281,5,27,http://www.anorplumbingheating.ca/,https://mississaugainsider.ca/directory/trades/anor-plumbing-and-heating-inc-41dqkj/,ChIJRaniRDVBK4gRDSf4FnB96Lw,no,
RST PLUMBING AND MECHANICAL INC.,Trades & Home Services,Plumbers,"3282 Burdock Pl, Mississauga, ON L5A 4B7, Canada",(647) 649-1614,5,27,http://www.rstplumbing.ca/,https://mississaugainsider.ca/directory/trades/rst-plumbing-and-mechanical-inc-ay3ek8/,ChIJ9SeknOSxHAIRFBsAM0UOit8,no,
Canadian Rooter Port Credit Plumber,Trades & Home Services,Plumbers,"848 Lakeshore Rd E, Mississauga, ON L5E 1E1, Canada",(905) 274-6553,5,26,https://canadianrooter.com/mississaugadrainservices.php,https://mississaugainsider.ca/directory/trades/canadian-rooter-port-credit-plumber-4fj45j/,ChIJBS22A1NHK4gRh7AjRoipb3I,no,
Wellington Plumbing drain and electrical,Trades & Home Services,Plumbers,"3225 Victory Crescent, Mississauga, ON L4T 1L7, Canada",(437) 755-1990,5,23,https://www.wellingtonpde.com/,https://mississaugainsider.ca/directory/trades/wellington-plumbing-drain-and-electrical-mkba5b/,ChIJP0bwqXQFDIARb2vUUaZaBd0,no,
Flowtech Plumbing Solutions,Trades & Home Services,Plumbers,"190 Queen St S, Mississauga, ON L5M 1L3, Canada",(647) 548-6422,5,20,https://flowtechplumbingsolutions.com/,https://mississaugainsider.ca/directory/trades/flowtech-plumbing-solutions-7y2ef3/,ChIJK7GoPoa7lC0RlKNyDwL0Kvs,no,
Everest Drain & Plumbing: Mississauga Local Plumber,Trades & Home Services,Plumbers,"218 Export Blvd Ste 412, Mississauga, ON L5S 0A7, Canada",(905) 608-0043,5,17,https://everestplumbing.ca/mississauga-plumbers/,https://mississaugainsider.ca/directory/trades/everest-drain-and-plumbing-mississauga-local-plumber-ixttpx/,ChIJq6qqkbE-K4gRrmXOTYoIXh4,no,
Icon Plumbing LTD.,Trades & Home Services,Plumbers,"2389 Morrison Ave, Mississauga, ON L5C 3C6, Canada",(647) 990-1865,5,7,https://iconplumbers.ca/,https://mississaugainsider.ca/directory/trades/icon-plumbing-ltd-p7ts39/,ChIJudwq-WJHK4gRAdDLpQpsztI,no,
Hydro Plumbing Mississauga,Trades & Home Services,Plumbers,"4 Robert Speck Pkwy Unit 1526, Mississauga, ON L4Z 1S1, Canada",(647) 492-2921,5,4,https://hydroplumbings.ca/,https://mississaugainsider.ca/directory/trades/hydro-plumbing-mississauga-0jsmh7/,ChIJOajHGSBHK4gRNMDfiMR2noM,no,
Harb Plumbing,Trades & Home Services,Plumbers,"2400 Dundas St W Unit 6, Mississauga, ON L5K 2R8, Canada",(647) 446-2600,4.9,581,https://samharbplumbing.com/,https://mississaugainsider.ca/directory/trades/harb-plumbing-v71799/,ChIJK0H4Vl6oHSURJsE7tRZhtqo,no,
Precise Plumbing & Drain Services,Trades & Home Services,Plumbers,"1435 Bonhill Rd #36, Mississauga, ON L5T 1V2, Canada",(647) 878-9293,4.9,326,https://mypreciseplumbing.com/,https://mississaugainsider.ca/directory/trades/precise-plumbing-and-drain-services-jnwtg8/,ChIJpaPmItNGK4gRS3TyrpQiTFQ,no,
Galaxy Plumbing Inc.,Trades & Home Services,Plumbers,"55 Village Centre Pl, Mississauga, ON L4Z 1V9, Canada",(416) 727-5810,4.9,283,https://galaxyplumbinginc.ca/,https://mississaugainsider.ca/directory/trades/galaxy-plumbing-inc-3etd7s/,ChIJTdrHOdBHK4gR0CdTW_xUUcY,no,
ESA Plumbing,Trades & Home Services,Plumbers,"4 Hasley Ct, Brampton, ON L6Y 1C2, Canada",(647) 220-5462,4.9,100,http://esaplumbing.ca/,https://mississaugainsider.ca/directory/trades/esa-plumbing-en2wy6/,ChIJt7TgkoAVK4gR_h1Fe0Posl8,no,
Solid Seal Plumbing Mississauga,Trades & Home Services,Plumbers,"90 Burnhamthorpe Rd W Unit 1428, Mississauga, ON L5B 3C3, Canada",(647) 560-5280,4.9,78,https://solidsealplumbers.ca/,https://mississaugainsider.ca/directory/trades/solid-seal-plumbing-mississauga-dxbbqu/,ChIJa7CUEVJHK4gRX5PlU0tyM8k,no,
Priority Plumbing & Drains,Trades & Home Services,Plumbers,"3024 Hurontario St Unit 206, Mississauga, ON L5B 4M4, Canada",(647) 952-9338,4.9,72,https://priorityplumbing.ca/mississauga-plumbers/,https://mississaugainsider.ca/directory/trades/priority-plumbing-and-drains-w7iztf/,ChIJWaj56oJHK4gRPgP5AhTNqhM,no,
Mr Rooter Plumbing of Mississauga ON,Trades & Home Services,Plumbers,"281 Queen St S, Mississauga, ON L5M 1L9, Canada",(905) 817-0210,4.8,2614,https://www.mrrooter.ca/mississauga/?utm_source=gmb&utm_campaign=local&utm_medium=organic,https://mississaugainsider.ca/directory/trades/mr-rooter-plumbing-of-mississauga-on-dqzv7b/,ChIJyWmEO9RFK4gRw8m1lCPT6BQ,no,
John The Plumber,Trades & Home Services,Plumbers,"1164 Shamir Crescent, Mississauga, ON L5C 1L1, Canada",(289) 210-8703,4.8,444,https://www.johntheplumber.ca/mississauga,https://mississaugainsider.ca/directory/trades/john-the-plumber-7pu821/,ChIJU86oWU1BK4gRgecbJWBxP-k,no,
Mississauga Plumbing Service Ltd.,Trades & Home Services,Plumbers,"55 Kingsbridge Garden Cir, Mississauga, ON L5R 1Y1, Canada",(647) 550-4003,4.8,273,https://mississaugaplumbingservices.com/,https://mississaugainsider.ca/directory/trades/mississauga-plumbing-service-ltd-t6d9k2/,ChIJRWTdXstAK4gRguTihpq9TmE,no,
Yess Boss Plumbing Inc.,Trades & Home Services,Plumbers,"794 Neighbourhood Cir Unit 2, Mississauga, ON L5B 0A6, Canada",(437) 245-2324,4.8,252,https://yessbossplumbing.com/plumbing-mississauga/,https://mississaugainsider.ca/directory/trades/yess-boss-plumbing-inc-dwv6k8/,ChIJN5j54iUtK4gR3yFYdvLKRwg,no,
Superior Plumbing & Heating of Mississauga,Trades & Home Services,Plumbers,"4020 Sladeview Crescent Unit 6, Mississauga, ON L5L 6B1, Canada",(647) 695-7256,4.8,95,https://superiorplumbing.ca/mississauga/?utm_source=gmb&utm_medium=organic&utm_campaign=gmb,https://mississaugainsider.ca/directory/trades/superior-plumbing-and-heating-of-mississauga-vl3c1f/,ChIJ-4N0AxNDK4gR8QM8K28z1Ts,no,
IronPeak Plumber Mississauga,Trades & Home Services,Plumbers,"3611 Mavis Rd, Mississauga, ON L5C 1T7, Canada",(647) 492-5147,4.8,58,https://www.ironpeakplumbermississauga.ca/,https://mississaugainsider.ca/directory/trades/ironpeak-plumber-mississauga-3t6n6f/,ChIJ6zu-w4xHK4gRwg6268r3hW8,no,
CANADIAN PLUMBING SOLUTIONS,Trades & Home Services,Plumbers,"6045 Grossbeak Dr, Mississauga, ON L5N 5W9, Canada",(647) 786-6526,4.8,48,https://cpsplumbing.ca/,https://mississaugainsider.ca/directory/trades/canadian-plumbing-solutions-ybmyow/,ChIJx-ePK5xrK4gR30eN9e0mVvM,no,
One Call Plumbers,Trades & Home Services,Plumbers,"7342 Cambrett Dr, Mississauga, ON L4T 2R7, Canada",(416) 878-8386,4.8,20,https://onecallplumbers.ca/,https://mississaugainsider.ca/directory/trades/one-call-plumbers-ipm3md/,ChIJCXd_T-zZ1IkRheHIBRqYBxo,no,
ExpressRooter Plumbing,Trades & Home Services,Plumbers,"1093 Lakeshore Rd E, Mississauga, ON L5E 1E8, Canada",(416) 233-2660,4.7,387,https://expressrootertoronto.com/,https://mississaugainsider.ca/directory/trades/expressrooter-plumbing-4v4pqi/,ChIJnVG5_DkwK4gR6h9shfhF2LM,no,
"PLUMBER ON DEMAND of MISSISSAUGA, ON",Trades & Home Services,Plumbers,"1310 Dundas St E, Mississauga, ON L4Y 2C1, Canada",(905) 220-5006,4.2,450,http://www.plumberondemand.ca/mississauga,https://mississaugainsider.ca/directory/trades/plumber-on-demand-of-mississauga-on-ihk9jo/,ChIJK4wRd5NHK4gR9ZGJeZpIoX8,no,
Potlight Master,Trades & Home Services,Electricians,"77 City Centre Dr Tower Suite 501, Mississauga, ON L5B 1M5, Canada",(416) 262-6849,5,244,http://www.potlightmaster.com/,https://mississaugainsider.ca/directory/trades/potlight-master-44hpcm/,ChIJ-1G_pIR1LIgR4dTap_UdHFQ,no,
Murtex Electric Inc,Trades & Home Services,Electricians,"15 Legion Rd, Etobicoke, ON M8V 0A9, Canada",(647) 529-2972,5,192,https://www.murtexelectric.ca/,https://mississaugainsider.ca/directory/trades/murtex-electric-inc-0yof0d/,ChIJldJgSFUf7aIRDneWhrKJqhk,no,
Gibson Electrical Contracting,Trades & Home Services,Electricians,"3280 South Millway Unit 46, Mississauga, ON L5L 3H3, Canada",(647) 994-2818,5,166,https://www.gibsonelectricalcontracting.ca/,https://mississaugainsider.ca/directory/trades/gibson-electrical-contracting-xlfuxm/,ChIJSYTkmlB0qaMRX5uVyBYa-PQ,no,
Heights Electric Inc.,Trades & Home Services,Electricians,"Turney Dr, Mississauga, ON L5M 2R8, Canada",(647) 877-7168,5,134,https://heightselectric.ca/,https://mississaugainsider.ca/directory/trades/heights-electric-inc-sbyrxp/,ChIJbX8selI0OggRVZAyfLnxQcs,no,
Longhouse Electric,Trades & Home Services,Electricians,"5370 Longhouse Crescent, Mississauga, ON L5R 4A5, Canada",(647) 588-8120,5,124,https://longhouseelectric.ca/,https://mississaugainsider.ca/directory/trades/longhouse-electric-1odt5j/,ChIJAQCEK-RAK4gRIt6_aO53Fj8,no,
Plumber Express Rescue Mississauga,Trades & Home Services,Electricians,"2 Robert Speck Pkwy #7, Mississauga, ON L4Z 1H8, Canada",(647) 955-1856,5,115,https://plumberrapidrescuemississaugaa.ca/,https://mississaugainsider.ca/directory/trades/plumber-express-rescue-mississauga-gfh4np/,ChIJc5Zv68tHK4gR2XHTbXhAw74,no,
"Effective Wiring | Electrician in Mississauga, Oakville, Brampton",Trades & Home Services,Electricians,"2598 Sherhill Dr, Mississauga, ON L5J 3Z3, Canada",(416) 841-7835,5,111,https://effectivewiring.ca/?utm_source=google_maps&utm_medium=organic&utm_id=maps,https://mississaugainsider.ca/directory/trades/effective-wiring-electrician-in-mississauga-oakville-brampto-momwga/,ChIJRWv_nYJEK4gR5Gp80mP3CZI,no,
SS ELECTRICAL AND APPLIANCES INC.,Trades & Home Services,Electricians,"100 Matheson Blvd E #204, Mississauga, ON L4Z 2G7, Canada",(289) 242-4498,5,93,https://sselectricalandappliances.ca/,https://mississaugainsider.ca/directory/trades/ss-electrical-and-appliances-inc-8kdcp6/,ChIJaVE6kF5BK4gRuGm85BuwByU,no,
AMM Electric Inc.,Trades & Home Services,Electricians,"115 Hillcrest Ave #1811, Mississauga, ON L5B 3Y9, Canada",,5,70,https://www.ammelectric.ca/,https://mississaugainsider.ca/directory/trades/amm-electric-inc-j9yddq/,ChIJvaTkb3pDK4gRvhqxAe8bkFA,no,
Electrician Proline Oakville,Trades & Home Services,Electricians,"1500 Sixth Line, Oakville, ON L6H 2P2, Canada",(289) 989-2482,5,61,https://www.electricianprolineoakville.com/,https://mississaugainsider.ca/directory/trades/electrician-proline-oakville-nmik41/,ChIJ4dpYe79dK4gREDrgZ5SdGYs,no,
Calvert Electrical Solutions Inc.,Trades & Home Services,Electricians,"Springbok Crescent, Mississauga, ON L4Z 3J8, Canada",(647) 718-3230,5,54,http://calvertelectricalsolutions.com/,https://mississaugainsider.ca/directory/trades/calvert-electrical-solutions-inc-2oh4qf/,ChIJn5c-L2RBK4gRAmN1Z6uxMPI,no,
Jac electric inc,Trades & Home Services,Electricians,"5956 Brookhaven Way, Mississauga, ON L5V 2T9, Canada",(647) 880-1537,5,49,https://www.jacelectricinc.ca/?utm_source=google&utm_medium=wix_google_business_profile&utm_campaign=7813073639199913850,https://mississaugainsider.ca/directory/trades/jac-electric-inc-zhlnwc/,ChIJgbFbrfTSfowRpXl9MBREP4Q,no,
Reform Electric,Trades & Home Services,Electricians,"530 Lolita Gardens, Mississauga, ON L5A 3T2, Canada",(416) 894-4128,5,48,http://www.reformelectric.ca/,https://mississaugainsider.ca/directory/trades/reform-electric-cc2g9b/,ChIJAThYpE4U1KARvrPHx3ysWco,no,
Kg Flash Electrical Inc,Trades & Home Services,Electricians,"2075 Asta Dr, Mississauga, ON L5A 2T5, Canada",(647) 209-1834,5,39,https://kgflashelectrical.ca/,https://mississaugainsider.ca/directory/trades/kg-flash-electrical-inc-v701tw/,ChIJ46h0MFBHK4gR4wny-q9X8EE,no,
ZAAS Electric,Trades & Home Services,Electricians,"4975 Southampton Dr, Mississauga, ON L5M 8C6, Canada",(647) 215-9854,5,33,,https://mississaugainsider.ca/directory/trades/zaas-electric-n7w1wi/,ChIJqyPR7ovJLCAReAaeoVZ9Szs,no,
Sauga Electric,Trades & Home Services,Electricians,"2275 Credit Valley Rd #27, Mississauga, ON L5M 4N5, Canada",(416) 857-4848,5,31,https://www.saugaelectric.ca/,https://mississaugainsider.ca/directory/trades/sauga-electric-bmlv0p/,ChIJO8QJplNBK4gRKv4XM5miqjA,no,
NSC Electric Inc.,Trades & Home Services,Electricians,"345 Wildgrass Rd, Mississauga, ON L5B 4H1, Canada",,5,24,https://nscelectric.com/,https://mississaugainsider.ca/directory/trades/nsc-electric-inc-71a274/,ChIJsWSMJOFHK4gR-SrUK6GalFg,no,
Allied Connections Electrical Solutions Inc.,Trades & Home Services,Electricians,"1575 Lakeshore Rd W, Mississauga, ON L5J 0B1, Canada",(647) 406-1080,5,23,https://alliedconnections.ca/,https://mississaugainsider.ca/directory/trades/allied-connections-electrical-solutions-inc-gsav0f/,ChIJb3-2RXVFK4gRY-9WcAvKhmo,no,
SINGH ELECTRICAL SOLUTIONS INC,Trades & Home Services,Electricians,"7380 Bybrook Dr, Mississauga, ON L4T 3R2, Canada",(647) 232-7013,5,23,https://singhelectrical.ca/,https://mississaugainsider.ca/directory/trades/singh-electrical-solutions-inc-o7e3ys/,ChIJozz1bxc0NwgRy0Uq19-JxRE,no,
Wellington Plumbing drain and electrical,Trades & Home Services,Electricians,"3225 Victory Crescent, Mississauga, ON L4T 1L7, Canada",(437) 755-1990,5,23,https://www.wellingtonpde.com/,https://mississaugainsider.ca/directory/trades/wellington-plumbing-drain-and-electrical-mkba5b/,ChIJP0bwqXQFDIARb2vUUaZaBd0,no,
Alliance Electrical & Automation Inc.,Trades & Home Services,Electricians,"East Tower, 501 City Centre Dr #77, Mississauga, ON L5B 1M5, Canada",(833) 960-6787,5,22,https://automationelectrician.ca/,https://mississaugainsider.ca/directory/trades/alliance-electrical-and-automation-inc-geiout/,ChIJTWfO61NrK4gRi_ZFEhC9-Ck,no,
AMPOWR ELECTRIC,Trades & Home Services,Electricians,"2670 Battleford Rd, Mississauga, ON L5N 2S7, Canada",(416) 832-2894,5,21,https://ampowrelectric.com/,https://mississaugainsider.ca/directory/trades/ampowr-electric-w6ryrr/,ChIJ7-lTxpVrK4gRqa4JC8neL2k,no,
Humber Electrical Limited,Trades & Home Services,Electricians,"6797 Formentera Ave #87, Mississauga, ON L5N 2L6, Canada",(647) 996-7691,5,20,http://mylocalelectrician.ca/,https://mississaugainsider.ca/directory/trades/humber-electrical-limited-h0zkgd/,ChIJZwGhNvhGK4gRAkeX-X8Vo2U,no,
Star Service Electrical Contracting Inc.,Trades & Home Services,Electricians,"925 Cobb Ct, Mississauga, ON L5V 1X8, Canada",(416) 456-4736,5,18,http://www.starserviceelectrical.ca/,https://mississaugainsider.ca/directory/trades/star-service-electrical-contracting-inc-a164g5/,ChIJpaeiL-lBK4gRfPpaUQW6SKY,no,
Trust Electric,Trades & Home Services,Electricians,"2721 Windjammer Rd, Mississauga, ON L5L 1T3, Canada",(416) 315-3356,5,15,,https://mississaugainsider.ca/directory/trades/trust-electric-hcilgh/,ChIJoTU8Fd1DK4gR_3bZn2lCy24,no,
Eglinton Electrical Supply Mississauga L4W 1K4 ON Canada,Trades & Home Services,Electricians,"1011 Eglinton Ave E #9, Mississauga, ON L4W 1K4, Canada",(905) 366-0231,5,15,http://www.eglintonelectrical.com/,https://mississaugainsider.ca/directory/trades/eglinton-electrical-supply-mississauga-l4w-1k4-on-canada-q32ca1/,ChIJz4Ve4105K4gRUrBeAQcw-4Y,no,
Lam's Electric,Trades & Home Services,Electricians,"1615 Glen Rutley Cir, Mississauga, ON L4X 2A1, Canada",(647) 921-8623,5,15,https://lamelectricalsolution.com/,https://mississaugainsider.ca/directory/trades/lam-s-electric-03mm1w/,ChIJVQ9qy785K4gRKKfRNY16Z3A,no,
Birnie HomeSAFE,Trades & Home Services,Electricians,"2209 Dunwin Dr, Mississauga, ON L5L 1X1, Canada",(416) 771-6317,5,14,https://birniehomesafe.com/home/?utm_source=google&utm_medium=organic&utm_campaign=gbp,https://mississaugainsider.ca/directory/trades/birnie-homesafe-7btw0d/,ChIJuQ-oI8RDK4gRFFqUyi7_V7c,no,
Electric Potential,Trades & Home Services,Electricians,"2146 Robinwood Ct, Mississauga, ON L5M 5H8, Canada",(416) 887-7233,5,9,https://electricpotential.ca/,https://mississaugainsider.ca/directory/trades/electric-potential-gvb9t9/,ChIJJXspF69BK4gRl-yLAfrHajc,no,
Letts Electric,Trades & Home Services,Electricians,"395 Square One Dr, Mississauga, ON L5B 0P6, Canada",(647) 550-3669,5,7,https://lettselectric.ca/,https://mississaugainsider.ca/directory/trades/letts-electric-047e0a/,ChIJE9_gc48p4GARvSC1uDqrJeo,no,
Bradco Electrical Services Ltd,Trades & Home Services,Electricians,"5215 Timberlea Blvd, Mississauga, ON L4W 2S3, Canada",(905) 890-0506,5,6,http://www.bradcoelectric.com/,https://mississaugainsider.ca/directory/trades/bradco-electrical-services-ltd-vuuca0/,ChIJdXlYXqg4K4gRtu26ykQJ8Rs,no,
Tron Electrical & Automation,Trades & Home Services,Electricians,"71 Silton Rd #1, Vaughan, ON L4L 7Z8, Canada",(416) 936-5669,4.9,561,https://tronelectrical.com/,https://mississaugainsider.ca/directory/trades/tron-electrical-and-automation-1ghfvg/,ChIJg5cHi5svK4gRnsbzaVueUTY,no,
Ontime Electric,Trades & Home Services,Electricians,"51 Holland Park Ave, York, ON M6C 1M3, Canada",(416) 882-6000,4.9,278,https://ontime-electric.ca/,https://mississaugainsider.ca/directory/trades/ontime-electric-qr2irc/,ChIJ6Rh7gJYzK4gR_Ss7EUlKcHM,no,
The Electrical Works Ltd.,Trades & Home Services,Electricians,"2601 Matheson Blvd E #14, Mississauga, ON L4W 5A8, Canada",(416) 252-0561,4.9,222,https://electrical-works.ca/google,https://mississaugainsider.ca/directory/trades/the-electrical-works-ltd-42q189/,ChIJwScuXpRDK4gR-JGkWNZ8eKg,no,
B & R Electric,Trades & Home Services,Electricians,"38 Queen St S, Streetsville, ON L5M 1K3, Canada",(905) 814-1881,4.9,41,https://brelectric.ca/,https://mississaugainsider.ca/directory/trades/b-and-r-electric-n56mxm/,ChIJN7yZYchBK4gRplgYOqSHG88,no,
Sparks Lighting and Electric Co. Ltd.,Trades & Home Services,Electricians,"137, 1140 Burnhamthorpe Rd W Ste 218, Mississauga, ON L5C 0A3, Canada",(647) 577-1171,4.9,29,https://sparkselectric.ca/,https://mississaugainsider.ca/directory/trades/sparks-lighting-and-electric-co-ltd-gkjyvt/,ChIJi6jGYo9BK4gROftY6BYL1r8,no,
Mr. Electric of GTA West,Trades & Home Services,Electricians,"335 Admiral Blvd, Mississauga, ON L5T 2N2, Canada",(866) 432-4865,4.8,368,https://mrelectric.com/gta-west/?cid=LSTL_MRE-CA000274&utm_source=gmb&utm_campaign=local&utm_medium=organic,https://mississaugainsider.ca/directory/trades/mr-electric-of-gta-west-oyvclz/,ChIJ2bkp458_K4gRnTKkfAHjIP8,no,
Circuit Savvy Electric,Trades & Home Services,Electricians,"3880 Duke of York Blvd #402, Mississauga, ON L5B 4M7, Canada",(905) 334-0732,4.8,243,http://circuitsavvy.ca/,https://mississaugainsider.ca/directory/trades/circuit-savvy-electric-nnrgcb/,ChIJu2RN0NdGK4gRZ4SKfNiqLfk,no,
2B Wired | Electricians in Mississauga #1 (Free Quote & Consultation),Trades & Home Services,Electricians,"34 Queen St W #2, Mississauga, ON L5H 1L4, Canada",(416) 735-6661,4.8,71,https://2b-wired.ca/,https://mississaugainsider.ca/directory/trades/2b-wired-electricians-in-mississauga-1-free-quote-and-consul-tda55z/,ChIJz8L6sq9HK4gRDG-DKX6Qh7g,no,
IronPeak Plumber Mississauga,Trades & Home Services,Electricians,"3611 Mavis Rd, Mississauga, ON L5C 1T7, Canada",(647) 492-5147,4.8,58,https://www.ironpeakplumbermississauga.ca/,https://mississaugainsider.ca/directory/trades/ironpeak-plumber-mississauga-3t6n6f/,ChIJ6zu-w4xHK4gRwg6268r3hW8,no,
"Trust Electric Works | Electrician in Mississauga, Oakville, Milton, Brampton",Trades & Home Services,Electricians,"2780 Hammond Rd, Mississauga, ON L5K 2P9, Canada",(647) 785-5208,4.7,156,https://www.trustelectricworks.com/,https://mississaugainsider.ca/directory/trades/trust-electric-works-electrician-in-mississauga-oakville-mil-n7vr42/,ChIJ8YGTo-1DK4gRDMCuOg-TdTE,no,
Arc Electrical,Trades & Home Services,Electricians,"66 Thomas St Unit 4, Mississauga, ON L5M 2P3, Canada",(905) 816-0234,4.7,15,https://arcelectrical.ca/,https://mississaugainsider.ca/directory/trades/arc-electrical-w4sdbe/,ChIJmZGleztBK4gRjwwjdYFdi0s,no,
Peel Electrical Contractors Inc- Electrical Contractors GTA,Trades & Home Services,Electricians,"2666 Lindholm Crescent, Mississauga, ON L5M 4P4, Canada",(416) 529-9234,4.5,22,http://www.peelelectricialcontractors.ca/,https://mississaugainsider.ca/directory/trades/peel-electrical-contractors-inc-electrical-contractors-gta-c95ejk/,ChIJF3Q4GiNCK4gRoNNHyCHSwUM,no,
Argon Electric Ltd,Trades & Home Services,Electricians,"15 Thoroughbred Crescent, Etobicoke, ON M9W 6X6, Canada",(416) 213-1516,4.3,3,https://argonelectric.ca/,https://mississaugainsider.ca/directory/trades/argon-electric-ltd-3x40rn/,ChIJe4O390g7K4gRp_wFK-LeHAI,no,
HVAC-Group,Trades & Home Services,HVAC & Heating,"1767 Branchwood Park, Mississauga, ON L4W 2E5, Canada",(416) 807-2752,5,277,https://hvac-group.com/,https://mississaugainsider.ca/directory/trades/hvac-group-q3jda3/,ChIJCZcbkjo5K4gR8t9Z2O66JeE,no,
MH Heating and Cooling Solutions,Trades & Home Services,HVAC & Heating,"2798 Termini Terrace, Mississauga, ON L5M 5S3, Canada",(647) 862-8248,5,214,https://www.mhheatingandcooling.ca/,https://mississaugainsider.ca/directory/trades/mh-heating-and-cooling-solutions-9qi5k3/,ChIJv06A-2xBK4gRtB17m_G6yxE,no,
Glors Heating and Air Conditioning,Trades & Home Services,HVAC & Heating,"85 Fahey Dr, Brampton, ON L6Y 0N8, Canada",(647) 883-4051,5,210,https://www.glorsheating.com/,https://mississaugainsider.ca/directory/trades/glors-heating-and-air-conditioning-qoja7b/,ChIJIfRegTgVK4gRvYtt4lmMD-Q,no,
Real Deal HVAC,Trades & Home Services,HVAC & Heating,"5625 Topaz Pl, Mississauga, ON L5M 7B7, Canada",(647) 280-6626,5,178,https://realdealhvacinc.com/,https://mississaugainsider.ca/directory/trades/real-deal-hvac-b2n9y1/,ChIJv50TaSqbD0oRGjYpBa-1WWQ,no,
Pure Air HVAC,Trades & Home Services,HVAC & Heating,"112 Nahani Way, Mississauga, ON L4Z 4J8, Canada",(416) 822-4544,5,144,http://hvac-pureair.com/,https://mississaugainsider.ca/directory/trades/pure-air-hvac-4trobb/,ChIJAUe7XLRAK4gRgBtBdl0O-nk,no,
Air Flow Heating & Cooling Ltd.,Trades & Home Services,HVAC & Heating,"2359 Royal Windsor Dr. U#15, Mississauga, ON L5J 4S9, Canada",(905) 507-2665,5,131,http://www.air-flow.ca/,https://mississaugainsider.ca/directory/trades/air-flow-heating-and-cooling-ltd-jez1jl/,ChIJh29a759AK4gRLu-gwAeMiE4,no,
"AVIS HVAC, COOLING & HEATING",Trades & Home Services,HVAC & Heating,"190 Britannia Rd E #22, Mississauga, ON L4Z 1W6, Canada",(416) 655-2220,5,105,http://www.avishvac.com/,https://mississaugainsider.ca/directory/trades/avis-hvac-cooling-and-heating-8ngp04/,ChIJwaqmR24_K4gRvu4hlsS4dqg,no,
Convertible Heating and Air Conditioning,Trades & Home Services,HVAC & Heating,"1321 Blundell Rd Units 10 & 11, Mississauga, ON L4Y 1M6, Canada",(800) 423-0969,5,97,http://www.convertibleair.com/,https://mississaugainsider.ca/directory/trades/convertible-heating-and-air-conditioning-501m5y/,ChIJvYOQhQtHK4gRRGzUwV7Sa1M,no,
The Heatman Heating and Cooling,Trades & Home Services,HVAC & Heating,"366 Revus Ave #32, Mississauga, ON L5G 4S4, Canada",(647) 892-7396,5,83,https://theheatman.ca/,https://mississaugainsider.ca/directory/trades/the-heatman-heating-and-cooling-oxd9ms/,ChIJ0a_UMNJHK4gRiCPR9S6rudE,no,
heavenlyair.ca,Trades & Home Services,HVAC & Heating,"Laurentian Ave, Mississauga, ON L4Z 2K3, Canada",(416) 887-0202,5,82,,https://mississaugainsider.ca/directory/trades/heavenlyair-ca-41hih0/,ChIJBbG_9oFHK4gRXE3ldFLUHRI,no,
Leite Group - Hvac & Hydronics,Trades & Home Services,HVAC & Heating,"105 Hanson Rd, Mississauga, ON L5B 2E3, Canada",(416) 879-5790,5,73,https://leitegroupinc.com/,https://mississaugainsider.ca/directory/trades/leite-group-hvac-and-hydronics-w46ins/,ChIJ5zemJ7dGK4gRUsaRE08GJwE,no,
MWS HVAC,Trades & Home Services,HVAC & Heating,"1680 Courtneypark Dr E #8, Mississauga, ON L5T 1W1, Canada",(289) 497-8357,5,66,https://mwshvacservices.com/,https://mississaugainsider.ca/directory/trades/mws-hvac-v5eabq/,ChIJyzc5AEI_K4gR1piyo6K5NU4,no,
"For Saving Home Service | Heating, Cooling & Heat Pump Installation",Trades & Home Services,HVAC & Heating,"55 Village Centre Pl, Mississauga, ON L4Z 1V9, Canada",(416) 335-0881,5,40,https://forsaving.ca/mississauga/,https://mississaugainsider.ca/directory/trades/for-saving-home-service-heating-cooling-and-heat-pump-instal-1qugae/,ChIJmdcTVUBHK4gRw3pRN1xGPtQ,no,
Perfect Air Comfort,Trades & Home Services,HVAC & Heating,"69 Hollingsworth Cir, Brampton, ON L7A 0J4, Canada",(437) 986-7713,5,33,https://perfectaircomfort.com/,https://mississaugainsider.ca/directory/trades/perfect-air-comfort-ervyxj/,ChIJ1ejVJC-Rnw8Ra4AnPfQiS_8,no,
Beyond HVAC,Trades & Home Services,HVAC & Heating,"5800 Ambler Dr #210, Mississauga, ON L4W 4J4, Canada",(647) 797-0525,5,23,https://beyondhvac.ca/mississauga,https://mississaugainsider.ca/directory/trades/beyond-hvac-89ef04/,ChIJ_9EyT5EB8o0RGg_vJ0ZcBtw,no,
PROINSTA Heat & Air INC,Trades & Home Services,HVAC & Heating,"168 Queen St S, Streetsville, ON L5M 1K8, Canada",(416) 797-9090,5,22,,https://mississaugainsider.ca/directory/trades/proinsta-heat-and-air-inc-0kf3sz/,ChIJLU0zFZNBK4gRS3hmqvwpB8Q,no,
Best air HVAC systems,Trades & Home Services,HVAC & Heating,"6989 Justine Dr, Mississauga, ON L4T 1M4, Canada",(647) 657-6421,5,7,,https://mississaugainsider.ca/directory/trades/best-air-hvac-systems-w6neib/,ChIJs10jo3w1-mERu5WC8z2i2fU,no,
A1 Air Conditioning & Heating,Trades & Home Services,HVAC & Heating,"1420 Cornwall Rd #3, Oakville, ON L6J 7W5, Canada",(905) 844-2949,4.9,1763,http://www.a1air.ca/,https://mississaugainsider.ca/directory/trades/a1-air-conditioning-and-heating-sa0b7n/,ChIJP-ooucdcK4gRL767pRbRlJc,no,
Furnace King Home Services,Trades & Home Services,HVAC & Heating,"1773 Mattawa Ave, Mississauga, ON L4X 1K5, Canada",(647) 558-9142,4.9,889,https://furnaceking.ca/,https://mississaugainsider.ca/directory/trades/furnace-king-home-services-lnbp93/,ChIJSdIj-flHK4gRm6_hrZyEEjc,no,
"Aire One Peel | Furnace Repair Mississauga, Heat Pump Installation & AC Service",Trades & Home Services,HVAC & Heating,"1625 Courtneypark Dr E, Mississauga, ON L5T 1V9, Canada",(905) 564-8545,4.9,677,http://www.aireonepeel.ca/,https://mississaugainsider.ca/directory/trades/aire-one-peel-furnace-repair-mississauga-heat-pump-installat-00rgvm/,ChIJC7Lf39U-K4gRyy9ebD8g8w4,no,
Glors Heating and Air Conditioning,Trades & Home Services,HVAC & Heating,"1426 Pate Ct, Mississauga, ON L5V 2Y8, Canada",(647) 883-4051,4.9,531,https://www.glorsheating.com/,https://mississaugainsider.ca/directory/trades/glors-heating-and-air-conditioning-aivaql/,ChIJqzzsCE5AK4gR72pO7NO2iug,no,
Absolute Comfort Heating & Air Conditioning,Trades & Home Services,HVAC & Heating,"2133 Royal Windsor Dr Unit, Mississauga, ON L5J 1K5, Canada",(905) 271-2911,4.9,229,http://www.absolutecomfort.ca/,https://mississaugainsider.ca/directory/trades/absolute-comfort-heating-and-air-conditioning-1psxwj/,ChIJa4spiolEK4gRhnjv-jf9EG0,no,
Tamas Mechanical,Trades & Home Services,HVAC & Heating,"2126 Perran Dr, Mississauga, ON L5K 1L8, Canada",(647) 671-4264,4.9,198,https://tamasmech.com/?utm_source=google&utm_medium=gbp&utm_campaign=profile,https://mississaugainsider.ca/directory/trades/tamas-mechanical-pg3sje/,ChIJNfRWud9DK4gRcxh0VmweQ-I,yes,tamasmech@yahoo.com
HVAC X Supply - Mississauga,Trades & Home Services,HVAC & Heating,"278 Watline Ave, Mississauga, ON L4Z 1P4, Canada",(416) 399-9330,4.9,162,http://www.hvacxsupply.com/,https://mississaugainsider.ca/directory/trades/hvac-x-supply-mississauga-hryjvk/,ChIJTc81eXpBK4gRqZ1MjU-zHkg,no,
Green Heating and Air Inc.,Trades & Home Services,HVAC & Heating,"610 Lakeshore Rd E, Mississauga, ON L5G 1J4, Canada",(416) 627-7724,4.9,158,https://www.greenheatingandair.ca/,https://mississaugainsider.ca/directory/trades/green-heating-and-air-inc-hzke83/,ChIJS7x9CzhGK4gRBL2-TRzDcik,no,
Evam Canada Inc.,Trades & Home Services,HVAC & Heating,"5004 Timberlea Blvd #37, Mississauga, ON L4W 5C5, Canada",(905) 367-8023,4.9,134,https://www.evamcanada.com/?utm_source=google&utm_medium=organic&utm_campaign=gmb,https://mississaugainsider.ca/directory/trades/evam-canada-inc-omq3qj/,ChIJqU4CEKc4K4gRnr4u0KNVfpA,no,
SMART HEAT HEATING AND COOLING,Trades & Home Services,HVAC & Heating,"5100 Maingate Dr #11, Mississauga, ON L4W 1X6, Canada",(647) 718-2817,4.9,78,https://www.instagram.com/smart___heat/profilecard/?igsh=bGp3cnB1b2s0amNz,https://mississaugainsider.ca/directory/trades/smart-heat-heating-and-cooling-y3h0d1/,ChIJ3SaxT5BHK4gRp930CJ7Q334,no,
Elemental HVAC,Trades & Home Services,HVAC & Heating,"16 Falconer Dr, Mississauga, ON L5N 3M1, Canada",(437) 425-9797,4.9,37,https://www.elementalhvac.ca/,https://mississaugainsider.ca/directory/trades/elemental-hvac-fp6iw1/,ChIJK5C2YSow8aARAx9ElzlACxw,no,
365 heating cooling & Water inc,Trades & Home Services,HVAC & Heating,"1648 Sunnycove Dr, Mississauga, ON L4X 1B7, Canada",(647) 389-4620,4.9,33,https://365comfort.ca/,https://mississaugainsider.ca/directory/trades/365-heating-cooling-and-water-inc-nrobyz/,ChIJE8iCBxDoPWgRJimWWL7HOno,no,
Absolute Heating and Cooling Inc,Trades & Home Services,HVAC & Heating,"3092 Mavis Rd Unit B-75, Mississauga, ON L5C 1V8, Canada",(647) 746-5959,4.9,24,https://absoluteheating.ca/,https://mississaugainsider.ca/directory/trades/absolute-heating-and-cooling-inc-7v2zt8/,ChIJu2SHmPZHK4gRRU_AiTvUrio,no,
"Reliance Heating, Air Conditioning & Plumbing",Trades & Home Services,HVAC & Heating,"335 Britannia Rd E, Mississauga, ON L4Z 1X9, Canada",(844) 783-5978,4.8,22695,https://reliancehomecomfort.com/mississauga/?utm_source=google&utm_medium=organic&utm_campaign=gmb-mississauga,https://mississaugainsider.ca/directory/trades/reliance-heating-air-conditioning-and-plumbing-9h87ib/,ChIJA_IYFgBDK4gRd6NVhNpcuaM,no,
Peel Heating & Air Conditioning,Trades & Home Services,HVAC & Heating,"40 Westwyn Ct, Brampton, ON L6T 4T5, Canada",(289) 948-1650,4.8,3478,https://www.peelheating.ca/?utm_source=google&utm_medium=gmb&utm_campaign=Peel-gmb&se_campaign=Peel%20-%20GMB,https://mississaugainsider.ca/directory/trades/peel-heating-and-air-conditioning-0wsguf/,ChIJDUhTRtdDK4gRwZTORDZlItM,no,
Furnace & AC Experts,Trades & Home Services,HVAC & Heating,"1585 Britannia Rd E Unit A-11, Mississauga, ON L4W 2M4, Canada",(905) 595-0505,4.8,414,https://www.furnaceacexperts.ca/,https://mississaugainsider.ca/directory/trades/furnace-and-ac-experts-acpubn/,ChIJu25xRGA-K4gRG6xrv3ZJRcE,no,
"Superior HVAC Service, Heating & Air Conditioning",Trades & Home Services,HVAC & Heating,"10 Kingsbridge Garden Cir, Mississauga, ON L5R 3K7, Canada",(289) 301-4768,4.8,33,https://superiorhvacservice.ca/mississauga/?utm_source=gmb&utm_medium=organic&utm_campaign=gmb,https://mississaugainsider.ca/directory/trades/superior-hvac-service-heating-and-air-conditioning-isyywd/,ChIJnSN41LdHK4gRLldb6d_P4uo,no,
Olu HVAC Inc.,Trades & Home Services,HVAC & Heating,"7433 Sigsbee Dr, Mississauga, ON L4T 3S5, Canada",(437) 999-4242,4.8,17,http://oluhvac.ca/,https://mississaugainsider.ca/directory/trades/olu-hvac-inc-jsgjm2/,ChIJA6e5yb5cwosRKrWnXMUHk-k,no,
Maher Heating & Cooling,Trades & Home Services,HVAC & Heating,"Matheson Blvd E, Mississauga, ON L4Z 1N8, Canada",(416) 750-7070,4.7,272,http://www.maherheatingcooling.ca/,https://mississaugainsider.ca/directory/trades/maher-heating-and-cooling-caochf/,ChIJ80ARInQ4K4gRR4CkxYrD7qU,no,
Taminka Metal Roofing,Trades & Home Services,Roofers,"395 Watline Ave, Mississauga, ON L4Z 1P3, Canada",(647) 200-8720,5,683,http://taminkametalroofing.ca/,https://mississaugainsider.ca/directory/trades/taminka-metal-roofing-son9qz/,ChIJAQDAHtU4K4gRy_1Ow1_xXl8,no,
Olympia Roofing INC,Trades & Home Services,Roofers,"65 Trailwood Dr #121, Mississauga, ON L4Z 3L1, Canada",(647) 454-9596,5,437,http://olympiaroofing.ca/?utm_medium=referral&utm_source=gmb&utm_campaign=lnk-gmb,https://mississaugainsider.ca/directory/trades/olympia-roofing-inc-4etebl/,ChIJA2D_Ov07K4gRWFp7GwAk3GY,no,
HomeVision Roofing & Siding,Trades & Home Services,Roofers,"3212 Lenworth Dr, Mississauga, ON L4X 2G1, Canada",(647) 494-9540,5,304,http://www.homevisioncontracting.ca/,https://mississaugainsider.ca/directory/trades/homevision-roofing-and-siding-25pyr5/,ChIJ3YiiTeJJK4gRr9BVvZx3EY0,no,
Rain Safe Roofing,Trades & Home Services,Roofers,"225 Webb Dr, Mississauga, ON L5B 4P2, Canada",(647) 232-9167,5,198,https://rainsaferoofing.com/,https://mississaugainsider.ca/directory/trades/rain-safe-roofing-o8x3zr/,ChIJh3I29U-nnw4RZxt_qa9VBDM,no,
MROOF - Metal Roofing,Trades & Home Services,Roofers,"1368 Blundell Rd, Mississauga, ON L4Y 1M5, Canada",(647) 983-7663,5,126,https://www.mroof.ca/,https://mississaugainsider.ca/directory/trades/mroof-metal-roofing-bcj1y8/,ChIJVc6-bXBHK4gRAKNtWrSCxhE,no,
North Group Roofing inc.,Trades & Home Services,Roofers,"7527 Lockington Crescent, Mississauga, ON L4T 2V6, Canada",(647) 548-6035,5,82,https://northgrouproofing.ca/,https://mississaugainsider.ca/directory/trades/north-group-roofing-inc-2t4lzh/,ChIJtYj6ArQ7K4gRqK1kCEwti70,no,
Country Roofing Inc.,Trades & Home Services,Roofers,"2110 Munden Rd, Mississauga, ON L5A 2R2, Canada",(416) 457-9047,5,69,https://www.countryroofinginc.ca/,https://mississaugainsider.ca/directory/trades/country-roofing-inc-rmu42k/,ChIJr6yqRgBRXa8RgUwBvpKKWr4,no,
Gold Roofing Contractor,Trades & Home Services,Roofers,"3454 Autumnleaf Crescent, Mississauga, ON L5L 1K5, Canada",(647) 220-6556,5,67,https://goldroofinginc.ca/,https://mississaugainsider.ca/directory/trades/gold-roofing-contractor-u8yr6v/,ChIJB7TGippDK4gR7gYNi54WhH8,no,
Top Metal Roofs Mississauga,Trades & Home Services,Roofers,"2798 Thamesgate Dr #4, Mississauga, ON L4T 4E8, Canada",(647) 560-7098,5,45,https://topmetalroofs.ca/,https://mississaugainsider.ca/directory/trades/top-metal-roofs-mississauga-rvx8ne/,ChIJ0TdnlKA5K4gRRcSgjGsRJ84,no,
AlpsRoofing.ca,Trades & Home Services,Roofers,"5150 Dixie Rd, Mississauga, ON L4W 5H4, Canada",(647) 280-0401,5,40,http://alpsroofing.ca/,https://mississaugainsider.ca/directory/trades/alpsroofing-ca-c7iy9n/,ChIJ-Ve4kH84K4gR0N49XIMdOGI,no,
On Pitch Roofing,Trades & Home Services,Roofers,"1675 Sismet Rd 4 & 5, Mississauga, ON L4W 4K8, Canada",(416) 825-2741,5,38,http://onpitchroofing.ca/,https://mississaugainsider.ca/directory/trades/on-pitch-roofing-m9xr8x/,ChIJ1yVqs3E5K4gRN-0a7vwEYuw,no,
Professional Metal Roofing Inc,Trades & Home Services,Roofers,"1680 Sismet Rd, Mississauga, ON L4W 1R4, Canada",(647) 619-7662,5,31,https://professionalmetalroofing.ca/free-estimate/,https://mississaugainsider.ca/directory/trades/professional-metal-roofing-inc-cve248/,ChIJxxdsDQ1HK4gRPA3OPQx9t-M,no,
Best Roofing Repair,Trades & Home Services,Roofers,"2333 South Millway #22, Mississauga, ON L5L 5W2, Canada",(416) 708-9922,5,14,https://bestroofingrepair.ca/,https://mississaugainsider.ca/directory/trades/best-roofing-repair-gfol6d/,ChIJmxEhWV5HK4gReOWROFRHWn8,no,
Armour Shield Roofing Mississauga,Trades & Home Services,Roofers,"4470 Tucana Ct, Mississauga, ON L5R 3K8, Canada",(289) 628-3211,5,8,https://armourshieldroofing.ca/locations/peel/mississauga/,https://mississaugainsider.ca/directory/trades/armour-shield-roofing-mississauga-m32nny/,ChIJoeARxJdHK4gR_Unkb0Njas4,no,
Above It All Roofing Inc Mississauga,Trades & Home Services,Roofers,"2395 Homelands Dr Unit 209, Mississauga, ON L5K 1H3, Canada",(647) 771-1554,5,7,https://aboveitallroofing.ca/mississauga-roofing/,https://mississaugainsider.ca/directory/trades/above-it-all-roofing-inc-mississauga-lzhqkf/,ChIJw_UFlHVDK4gRGizemkb8Qco,no,
Custom Contracting Roofing & Eavestrough Repair Mississauga,Trades & Home Services,Roofers,"4030 Parkside Village Dr, Mississauga, ON L5B 3M1, Canada",,5,5,https://www.custom-contracting.ca/locations/mississauga?utm_source=google&utm_medium=organic&utm_campaign=GMB_mississauga&utm_content=profile_link,https://mississaugainsider.ca/directory/trades/custom-contracting-roofing-and-eavestrough-repair-mississaug-6wtnvt/,ChIJlRY_p2VHK4gR0m_gmqVE2o8,no,
Roof Mate,Trades & Home Services,Roofers,"350 Burnhamthorpe Rd W Unit 201, Mississauga, ON L5B 3J1, Canada",(647) 372-1604,5,2,https://roofmate.ca/,https://mississaugainsider.ca/directory/trades/roof-mate-k8a43g/,ChIJhcn7bf9HK4gRPvLlsymKmf0,no,
Galloso Roofing Services,Trades & Home Services,Roofers,"27 Alpha Mills Rd, Mississauga, ON L5N 1H7, Canada",(437) 898-0687,5,2,http://gallosoroofing.ca/,https://mississaugainsider.ca/directory/trades/galloso-roofing-services-vvfrat/,ChIJB7u-4bJBK4gRXbhuTp4gDgk,no,
Real Blue Roofing Services Inc,Trades & Home Services,Roofers,"2255 Dundas St W, Mississauga, ON L5K 1R6, Canada",(437) 826-5225,4.9,333,https://www.realblueroofing.ca/,https://mississaugainsider.ca/directory/trades/real-blue-roofing-services-inc-61x1s6/,ChIJ7yRVvk9DK4gRS6RLmvC2l4c,no,
Toronto Roof Repairs Inc,Trades & Home Services,Roofers,"2175 Dunwin Dr Unit 6, Mississauga, ON L5L 1X2, Canada",(416) 247-2769,4.9,155,http://www.torontoroofrepairs.ca/,https://mississaugainsider.ca/directory/trades/toronto-roof-repairs-inc-qoq3d1/,ChIJKd0ZnXc4K4gRdsk4qWaGZHo,no,
D'Angelo and Sons Eavestrough and Roofing Mississauga,Trades & Home Services,Roofers,"1310 Dundas St E #224, Mississauga, ON L4Y 2C1, Canada",(905) 387-3000,4.9,144,https://dangeloandsons.com/roofing-mississauga/,https://mississaugainsider.ca/directory/trades/d-angelo-and-sons-eavestrough-and-roofing-mississauga-wvts6p/,ChIJK4wRd5NHK4gRL-UI6izvuO8,no,
Home Star Roofing LTD,Trades & Home Services,Roofers,"3044 Knob Hill, Mississauga, ON L4X 2X4, Canada",(647) 380-0625,4.9,88,https://homestarroofing.ca/,https://mississaugainsider.ca/directory/trades/home-star-roofing-ltd-03642n/,ChIJq6rmNvRHK4gRpM0domCwXik,no,
Coverall Roofing - Mississauga,Trades & Home Services,Roofers,"2465 Cawthra Rd Unit 131, Mississauga, ON L5A 3P2, Canada",(647) 470-4076,4.9,86,https://coverallroofing.ca/,https://mississaugainsider.ca/directory/trades/coverall-roofing-mississauga-paiyjh/,ChIJKVJDCc9HK4gRglhvXxsEHh0,no,
Lifetime Metal Roof Inc,Trades & Home Services,Roofers,"720 Burnhamthorpe Rd W #5, Mississauga, ON L5C 3G1, Canada",(647) 202-2726,4.9,76,http://lifetimemetalroof.ca/,https://mississaugainsider.ca/directory/trades/lifetime-metal-roof-inc-t05peu/,ChIJewgkujJBK4gRmjnFuXbUT1k,no,
Monarchy Roofing,Trades & Home Services,Roofers,"3073 Jarrow Ave, Mississauga, ON L4X 2C6, Canada",(416) 826-1197,4.9,70,https://monarchyroofing.ca/,https://mississaugainsider.ca/directory/trades/monarchy-roofing-qj0i2h/,ChIJuxk8Mwk4K4gRwTJlEDJobtk,no,
Atmosphere Roofing,Trades & Home Services,Roofers,"579 Lakeshore Rd E E B, Mississauga, ON L5G 0B3, Canada",(647) 939-6744,4.9,50,https://atmosphereroofing.ca/,https://mississaugainsider.ca/directory/trades/atmosphere-roofing-2v3rie/,ChIJm2W6zIVuIiMRMMeQfz-10lc,no,
S FORCE ROOFING AND CONSTRUCTION,Trades & Home Services,Roofers,"4045 Corbet Dr, Mississauga, ON L4W 3K6, Canada",(647) 514-6159,4.9,44,https://sforceroofing.ca/,https://mississaugainsider.ca/directory/trades/s-force-roofing-and-construction-lt93nx/,ChIJazOOQjU2DaIR2UlzeTfU-f0,no,
Nailed It Roofing & Construction Ltd.,Trades & Home Services,Roofers,"4141 Sladeview Crescent Unit 16, Mississauga, ON L5L 5T1, Canada",(905) 997-3667,4.8,281,https://naileditroofing.ca/,https://mississaugainsider.ca/directory/trades/nailed-it-roofing-and-construction-ltd-ettagg/,ChIJbUBFFJ1HK4gR6VEXnxWL7rI,no,
Quality Home Roofing and Remodeling,Trades & Home Services,Roofers,"2330 A Stanfield Rd, Mississauga, ON L4Y 1S1, Canada",(647) 889-9091,4.8,68,https://qualityhomeroofing.ca/,https://mississaugainsider.ca/directory/trades/quality-home-roofing-and-remodeling-ngjd10/,ChIJ___r2G42K4gRL6DqfCEnvZU,no,
Perfect Choice Roofing Mississauga,Trades & Home Services,Roofers,"4646 Heritage Hills Blvd, Mississauga, ON L5R 1Y4, Canada",(647) 561-9116,4.8,39,https://perfectchoiceroofers.ca/perfect-choice-roofing-mississauga/,https://mississaugainsider.ca/directory/trades/perfect-choice-roofing-mississauga-lr7ea2/,ChIJGbVkG1RBK4gR83om2JlYaJU,no,
Royal Roofs Ltd - Mississauga,Trades & Home Services,Roofers,"1615 Summergrove Crescent, Mississauga, ON L5M 3Z5, Canada",(416) 858-5714,4.8,29,https://royalroofs.com/,https://mississaugainsider.ca/directory/trades/royal-roofs-ltd-mississauga-v37dj2/,ChIJQwRq-q5BK4gRN1suWs0hpy0,no,
Cherry and Clark Roofing Company,Trades & Home Services,Roofers,"4025 Sladeview Crescent Unit 2, Mississauga, ON L5L 5Y1, Canada",(800) 461-4435,4.1,103,https://www.cherryandclarkroofing.ca/mississauga-roofing?utm_source=google&utm_medium=organic&utm_campaign=local&utm_content=Mississauga,https://mississaugainsider.ca/directory/trades/cherry-and-clark-roofing-company-ck6d2x/,ChIJV-x27JtEK4gRx1bacPsLJT0,no,
M Landscaping Ltd.,Trades & Home Services,Landscaping & Lawn Care,"4835 St Martin Mews, Mississauga, ON L5M 7J9, Canada",(289) 903-1264,5,138,https://m-landscaping.com/,https://mississaugainsider.ca/directory/trades/m-landscaping-ltd-ahlyny/,ChIJk4WzmyRDK4gR1yb9Ox1FS-Y,no,
Corringtons Cutting Landscaping,Trades & Home Services,Landscaping & Lawn Care,"Kenninghall Blvd, Mississauga, ON L5M 1C8, Canada",(416) 970-7457,5,130,https://corringtonscutting.ca/,https://mississaugainsider.ca/directory/trades/corringtons-cutting-landscaping-m954dn/,ChIJlXKtCwSB9YoR11DdQC8lOlo,no,
Before and After Property Care,Trades & Home Services,Landscaping & Lawn Care,"4020 Brandon Gate Dr, Mississauga, ON L4T 3W8, Canada",(647) 724-0707,5,114,http://beforeandafter.ca/,https://mississaugainsider.ca/directory/trades/before-and-after-property-care-gffpix/,ChIJddE6DPADK0UR6jIsTIZBanI,no,
Lion of construction & landscaping & snow removal,Trades & Home Services,Landscaping & Lawn Care,"656 Eversley Dr, Mississauga, ON L5A 2C9, Canada",(437) 988-8822,5,106,http://lion-construction.com/,https://mississaugainsider.ca/directory/trades/lion-of-construction-and-landscaping-and-snow-removal-9t8a56/,ChIJOcsQoiyRqEMRPZ3DAVD0KDs,no,
Caribou Cuts Lawn Care,Trades & Home Services,Landscaping & Lawn Care,"435 Targa Rd, Mississauga, ON L5A 1S7, Canada",(905) 330-1474,5,69,https://www.cariboucuts.com/,https://mississaugainsider.ca/directory/trades/caribou-cuts-lawn-care-gta79b/,ChIJobtUT85HK4gR4uF76G_7LNA,no,
Ark's Landscaping,Trades & Home Services,Landscaping & Lawn Care,"1565 Britannia Rd E #38, Mississauga, ON L4W 2V6, Canada",(416) 495-6624,5,59,https://arkslandscaping.com/,https://mississaugainsider.ca/directory/trades/ark-s-landscaping-duapjp/,ChIJKxrvIOV-FEwRDc8EVbDt8RE,no,
Goodsprings Landscaping,Trades & Home Services,Landscaping & Lawn Care,"2022 Stonehouse Crescent, Mississauga, ON L5H 3J1, Canada",(416) 770-6750,5,53,http://www.goodsprings.ca/,https://mississaugainsider.ca/directory/trades/goodsprings-landscaping-hl1yxk/,ChIJz6FGLKZfto0RDhq-K01l3qA,no,
MPR Landscapes,Trades & Home Services,Landscaping & Lawn Care,"2283 Argentia Rd #15, Mississauga, ON L5N 5Z2, Canada",(905) 285-0768,5,51,https://mprlandscapes.com/,https://mississaugainsider.ca/directory/trades/mpr-landscapes-4sqcbu/,ChIJgwMDh1RrK4gRXBbtk6uLkho,no,
Wolfcrest Landscaping,Trades & Home Services,Landscaping & Lawn Care,"1524 Chasehurst Dr, Mississauga, ON L5J 3A8, Canada",(437) 998-1711,5,47,https://wolfcrestlandscaping.ca/,https://mississaugainsider.ca/directory/trades/wolfcrest-landscaping-e027q5/,ChIJf3jy0U1FK4gRH_DH2uka6FQ,no,
Lawn By Moe - Lawn Care & Snow Removal Mississauga,Trades & Home Services,Landscaping & Lawn Care,"2518 Lower Base Line W, Milton, ON L9T 2X5, Canada",(437) 433-1994,5,43,https://lawnbymoe.com/,https://mississaugainsider.ca/directory/trades/lawn-by-moe-lawn-care-and-snow-removal-mississauga-mf4bx3/,ChIJuYYoHwmF6WIRmqm_dLtmz-s,no,
CALL NELSON LANDSCAPING,Trades & Home Services,Landscaping & Lawn Care,"7035 Rexwood Rd Unit 8, Mississauga, ON L4T 2S8, Canada",(705) 774-2446,5,32,https://www.callnelsonlandscaping.com/,https://mississaugainsider.ca/directory/trades/call-nelson-landscaping-w29fws/,ChIJPeYc_1k8_2ER05iJwvZtFHQ,no,
CJS Landscaping,Trades & Home Services,Landscaping & Lawn Care,"4101 Hickory Dr, Mississauga, ON L4W 1L1, Canada",(905) 783-3578,5,31,https://www.cjs-landscaping.ca/,https://mississaugainsider.ca/directory/trades/cjs-landscaping-mqjhap/,ChIJn_KZtYA5K4gRixcT3k4zJIA,no,
Thumbs Up Landscaping & Tree Removal Services,Trades & Home Services,Landscaping & Lawn Care,"550 Karen Park Crescent, Mississauga, ON L5A 3C6, Canada",(647) 680-7771,5,27,https://thumbsuplandscaping.ca/,https://mississaugainsider.ca/directory/trades/thumbs-up-landscaping-and-tree-removal-services-e8s4om/,ChIJa26NPu5HK4gRlN0QtLGoDcs,no,
Maverick Landscaping And Commercial Snow Removal Mississauga,Trades & Home Services,Landscaping & Lawn Care,"2670 Battleford Rd #79, Mississauga, ON L5N 2S7, Canada",(647) 389-0306,5,22,https://www.mavericklandscaping.ca/,https://mississaugainsider.ca/directory/trades/maverick-landscaping-and-commercial-snow-removal-mississauga-ai94ys/,ChIJvfqF0u5bI6QRXmsd3WEagf4,no,
Summit Landscaping And Snow Removal Services,Trades & Home Services,Landscaping & Lawn Care,"186 Robert Speck Pkwy, Mississauga, ON L4Z 3G1, Canada",(437) 925-4885,5,19,https://summitlandscapingandsnowremoval.ca/,https://mississaugainsider.ca/directory/trades/summit-landscaping-and-snow-removal-services-g4mzsg/,ChIJF4cQzhNmBwARTroRfhltJKQ,no,
Wynter Landscaping and Handyman Mississauga,Trades & Home Services,Landscaping & Lawn Care,"3476 Glen Erin Dr, Mississauga, ON L5L 1W6, Canada",(437) 328-5072,5,18,https://prime-landscape-design.lovable.app/,https://mississaugainsider.ca/directory/trades/wynter-landscaping-and-handyman-mississauga-5uyuj2/,ChIJGSGzGzNDK4gRWwjzsQm3Ipk,no,
Northern Lawns & Landscapes,Trades & Home Services,Landscaping & Lawn Care,"3101 Jarrow Ave, Mississauga, ON L4X 2C6, Canada",(416) 909-2718,5,17,http://northernlawnsandlandscapes.ca/,https://mississaugainsider.ca/directory/trades/northern-lawns-and-landscapes-rhwr6t/,ChIJHWgr5fbSUKMRQiYPDvKzIBk,no,
A2Z Landscaping & Exterior Contracting,Trades & Home Services,Landscaping & Lawn Care,"6733 Mississauga Rd, Mississauga, ON L5N 6J5, Canada",(416) 797-4448,5,12,https://a2zlandscaping.ca/,https://mississaugainsider.ca/directory/trades/a2z-landscaping-and-exterior-contracting-leqyof/,ChIJs7yeq4w9v64R86FfS42zlM0,no,
Green Turf Landscaping,Trades & Home Services,Landscaping & Lawn Care,"115 Hillcrest Ave, Mississauga, ON L5B 3Y9, Canada",(437) 233-2851,5,11,https://greenturflandscaping.ca/,https://mississaugainsider.ca/directory/trades/green-turf-landscaping-dysuqy/,ChIJd8Nz5ei2C4URhJuUqlkHbRA,no,
Royale Falcon Property Care,Trades & Home Services,Landscaping & Lawn Care,"2891 Derry Rd E, Mississauga, ON L4T 1A6, Canada",(437) 453-4167,5,11,,https://mississaugainsider.ca/directory/trades/royale-falcon-property-care-u8zfav/,ChIJg5qlRoE7K4gROUH3mlKeOGk,no,
Maplescape landscaping,Trades & Home Services,Landscaping & Lawn Care,"153 Antigua Rd, Mississauga, ON L5B 2T9, Canada",(437) 855-2790,5,5,https://www.maplescapelandscaping.com/,https://mississaugainsider.ca/directory/trades/maplescape-landscaping-y6vgpn/,ChIJYXZnU6VHK4gRXcxOCjR5EQs,no,
MVR Landscaping and Interlocking,Trades & Home Services,Landscaping & Lawn Care,"5033 Four Springs Ave #120, Mississauga, ON L5R 0G6, Canada",(647) 404-4466,4.9,111,http://www.mvrlandscaping.com/,https://mississaugainsider.ca/directory/trades/mvr-landscaping-and-interlocking-s8o98h/,ChIJgRsYQShHK4gRJZIxeRM7ITo,no,
Maximum Landscaping Services,Trades & Home Services,Landscaping & Lawn Care,"11 harwick, Hardwick Ct, Etobicoke, ON M9C 4G5, Canada",(647) 719-3951,4.9,87,https://www.mlrs.ca/,https://mississaugainsider.ca/directory/trades/maximum-landscaping-services-pi7g3p/,ChIJk7vm1Lc5K4gRA4w73rRyAbI,no,
Andrew Tannus' Student Lawn Services,Trades & Home Services,Landscaping & Lawn Care,"3119 Velmar Dr, Mississauga, ON L5M 6V7, Canada",(647) 250-1199,4.9,62,https://atstudentlawnservices.ca/,https://mississaugainsider.ca/directory/trades/andrew-tannus-student-lawn-services-6plv28/,ChIJRQVM17lrK4gRdoGngku5F5A,no,
Lawn2care Landscaping and Snow Removal,Trades & Home Services,Landscaping & Lawn Care,"6844 Darcel Ave, Mississauga, ON L4T 2W5, Canada",(905) 320-0475,4.9,55,https://lawn2care.com/,https://mississaugainsider.ca/directory/trades/lawn2care-landscaping-and-snow-removal-gekau5/,ChIJf5YCwwNwtQwRvfX63iqxGJk,no,
Falcons Landscaping & Snow Removal,Trades & Home Services,Landscaping & Lawn Care,"1265 Burnhamthorpe Rd E, Oakville, ON L6H 7B1, Canada",(647) 457-9898,4.9,55,http://falconslandscaping.com/,https://mississaugainsider.ca/directory/trades/falcons-landscaping-and-snow-removal-i7tczb/,ChIJPd9DQGe3X2wRtI7ypGKaaaY,no,
Two Guys and a Shovel Inc.,Trades & Home Services,Landscaping & Lawn Care,"925 Lakefront Promenade, Mississauga, ON L5E 2C3, Canada",(416) 889-8810,4.9,52,https://www.twoguysandashovel.com/,https://mississaugainsider.ca/directory/trades/two-guys-and-a-shovel-inc-3stapi/,ChIJxwVEM6ZHK4gRJiUqiLHSUg0,no,
Nutri-Lawn - Mississauga Lawn Care,Trades & Home Services,Landscaping & Lawn Care,"3146 Lenworth Dr, Mississauga, ON L4X 2G1, Canada",(416) 620-1800,4.8,889,https://www.nutrilawn.com/toronto,https://mississaugainsider.ca/directory/trades/nutri-lawn-mississauga-lawn-care-aujy5w/,ChIJW7a8Dx06K4gR4f36TwBBv2s,no,
Oakly Landscaping,Trades & Home Services,Landscaping & Lawn Care,"3, 3055 Dundas St W Ste 134, Mississauga, ON L5L 3R8, Canada",(647) 446-1346,4.8,136,https://oaklylandscaping.com/?utm_source=google&utm_medium=organic&utm_campaign=gbp-listing,https://mississaugainsider.ca/directory/trades/oakly-landscaping-d5wjxc/,ChIJI0CDuJVHK4gRXbuM2aITL70,no,
Top Notch Lawn Care,Trades & Home Services,Landscaping & Lawn Care,"3, 1750 The Queensway #1223, Etobicoke, ON M9C 5H5, Canada",(416) 252-5296,4.8,105,https://topnotchlawncare.ca/,https://mississaugainsider.ca/directory/trades/top-notch-lawn-care-lodjgp/,ChIJ_3VuAgFIK4gRAHGpnAis7Bw,no,
A and J landscaping and snow removal,Trades & Home Services,Landscaping & Lawn Care,"86 Dundas St E #904, Mississauga, ON L5A 0B1, Canada",(289) 233-0907,4.8,87,https://aandjlandscaping.ca/,https://mississaugainsider.ca/directory/trades/a-and-j-landscaping-and-snow-removal-rexblv/,ChIJV-l9A6hHK4gR46rgEpDJ5fo,no,
L & Z Landscaping,Trades & Home Services,Landscaping & Lawn Care,"1510 Drew Rd Unit 9, Mississauga, ON L5S 1W7, Canada",(647) 402-9782,4.8,39,https://www.lzlandscaping.ca/,https://mississaugainsider.ca/directory/trades/l-and-z-landscaping-9psbp3/,ChIJp52yIMRyaWARVPL7sUUVlzQ,no,
Superior Lawn Care & Snow Removal,Trades & Home Services,Landscaping & Lawn Care,"9-6975 Meadowvale Town Centre Cir #195, Mississauga, ON L5N 4B7, Canada",(905) 997-1031,4.8,32,http://superiorlawncare.ca/,https://mississaugainsider.ca/directory/trades/superior-lawn-care-and-snow-removal-va47rd/,ChIJmTJ59CVHK4gRo6jM7xzswgE,no,
HR Greenroots Landscaping,Trades & Home Services,Landscaping & Lawn Care,"100 Matheson Blvd E, Mississauga, ON L4Z 1X1, Canada",(647) 877-3538,4.7,56,https://hrgreenrootslandscaping.com/,https://mississaugainsider.ca/directory/trades/hr-greenroots-landscaping-7hfmas/,ChIJ97rr8nAwEYMRyylSzYtafgA,no,
Luxury Landscaping,Trades & Home Services,Landscaping & Lawn Care,"1824 Medallion Ct, Mississauga, ON L5J 2L7, Canada",(905) 781-3648,4.7,27,https://www.luxurylandscaping.ca/?utm_source=google&utm_medium=wix_google_business_profile&utm_campaign=3877821788173082358,https://mississaugainsider.ca/directory/trades/luxury-landscaping-mvlnw6/,ChIJVVWxU3JEK4gRyBsaJneDctU,no,
M.S. Lawn & Garden,Trades & Home Services,Landscaping & Lawn Care,"50 Absolute Ave, Mississauga, ON L4Z 0A8, Canada",(647) 745-0807,4.6,76,https://www.mslawngarden.com/,https://mississaugainsider.ca/directory/trades/m-s-lawn-and-garden-9hsvet/,ChIJa6OodUdHK4gRAxPNVpybU_k,no,
Smiling Lawn,Trades & Home Services,Landscaping & Lawn Care,"4257 Sherwoodtowne Blvd suite 100, Mississauga, ON L4Z 1Y5, Canada",(905) 228-1424,4.5,177,http://www.smilinglawn.ca/,https://mississaugainsider.ca/directory/trades/smiling-lawn-owndql/,ChIJZWMiri8_K4gRGmXguLgYkzk,no,
Five Star Property Maintenance,Trades & Home Services,Landscaping & Lawn Care,"169 Crumbie St, Mississauga, ON L5M 1H7, Canada",(416) 995-0567,4.1,90,https://fivestarpropertymain.ca/,https://mississaugainsider.ca/directory/trades/five-star-property-maintenance-zcxe40/,ChIJ46ZDeaJDK4gRWRSW8L9wu1Y,no,
Golden Star Painting,Trades & Home Services,Painters,"40 Regan Rd Unit 6 & 7, Brampton, ON L7A 1A7, Canada",(437) 985-6007,5,830,https://www.goldenstarpainting.com/,https://mississaugainsider.ca/directory/trades/golden-star-painting-uklhbj/,ChIJpzq51PcPJA8RVF9vLh7h6uY,no,
Flex Painting - Interior Exterior Painters Brampton,Trades & Home Services,Painters,"4 Brentcliff Dr, Brampton, ON L7A 2M7, Canada",(647) 922-7522,5,271,https://flexpaintinginc.com/,https://mississaugainsider.ca/directory/trades/flex-painting-interior-exterior-painters-brampton-ko4w0m/,ChIJ91kUYuMVK4gRw37MPOGyQdM,no,
Precision Painting Inc.,Trades & Home Services,Painters,"2175 Dunwin Dr #5, Mississauga, ON L5L 1X2, Canada",(416) 856-5375,5,228,https://www.precisionpaintinggta.com/,https://mississaugainsider.ca/directory/trades/precision-painting-inc-ip8412/,ChIJQVSM2J5DK4gRgjn9RDSSCLo,no,
Bright Wise Painting,Trades & Home Services,Painters,"361 The West Mall, Etobicoke, ON M9C 1E8, Canada",(647) 514-7165,5,172,https://brightwisepainting.ca/,https://mississaugainsider.ca/directory/trades/bright-wise-painting-5mttf7/,ChIJ6zHxB3Q5K4gRSMJn6CWUweM,no,
Esposito's Painting Services,Trades & Home Services,Painters,"7199 Fayette Cir, Mississauga, ON L5N 1Y5, Canada",(416) 809-3641,5,170,https://espositospaintingservices.com/?utm_source=GMB&utm_medium=Google&utm_campaign=Mississauga,https://mississaugainsider.ca/directory/trades/esposito-s-painting-services-1toy7v/,ChIJfz6_01hqK4gRILdBxxKjkg8,no,
Home Painters Toronto,Trades & Home Services,Painters,"100 Rose Park Dr, Toronto, ON M4T 1R4, Canada",(416) 494-9095,5,165,https://www.homepainterstoronto.com/midtown/?utm_source=google&utm_medium=organic&utm_campaign=gbp&utm_content=midtown&utm_id=gbp-02&utm_source_platform=google_business_profile,https://mississaugainsider.ca/directory/trades/home-painters-toronto-6o0ows/,ChIJuzNcsa4zK4gRcJ3LP7f7m4c,no,
Unique painting LTD.,Trades & Home Services,Painters,"60 Absolute Ave #2608, Mississauga, ON L4Z 0A8, Canada",(905) 510-8656,5,137,http://www.uniquepainting.ca/,https://mississaugainsider.ca/directory/trades/unique-painting-ltd-730c0b/,ChIJaTbpB61HK4gRcWCrLMXTHo8,no,
Refined Edge Painting,Trades & Home Services,Painters,"336 Queen St S #12, Mississauga, ON L5M 1M2, Canada",(905) 616-1395,5,131,https://www.refinededgepainting.com/?utm_source=google&utm_medium=organic&utm_campaign=gbp,https://mississaugainsider.ca/directory/trades/refined-edge-painting-a5w9z4/,ChIJNYEMSlZBK4gR5ERVxw-WkSs,no,
Arkady's Painting - House Painters,Trades & Home Services,Painters,"Carter St, Bradford, ON L3Z 0L5, Canada",(647) 812-1772,5,119,https://arkadyspainting.com/,https://mississaugainsider.ca/directory/trades/arkady-s-painting-house-painters-zlspe2/,ChIJ8Rf_cxrFKogRgqOPmCxVZII,no,
Elite Trade Painting Mississauga,Trades & Home Services,Painters,"3435 Cawthra Rd Unit 1, Mississauga, ON L5A 2X9, Canada",(647) 546-4053,5,113,https://elitetradepainting.com/mississauga/,https://mississaugainsider.ca/directory/trades/elite-trade-painting-mississauga-x9ea8e/,ChIJ-yOKKvhGK4gRUeCyv6no6nY,no,
Nasser Painting inc,Trades & Home Services,Painters,"3750 Brinwood Gate, Mississauga, ON L5M 7G9, Canada",(226) 503-6119,5,53,https://nasserpainting.ca/,https://mississaugainsider.ca/directory/trades/nasser-painting-inc-03qout/,ChIJi4WNXpNUtSsR8xVQJynPNME,no,
Obsidian Painting - Mississauga,Trades & Home Services,Painters,"1240 Eglinton Ave W, Mississauga, ON L5V 1N3, Canada",(647) 695-3960,5,51,http://obsidianpainting.site/,https://mississaugainsider.ca/directory/trades/obsidian-painting-mississauga-fn6hen/,ChIJI1hXbxZBK4gR4oZdqQ0miyA,no,
Home Painter Services,Trades & Home Services,Painters,"316 Bergamot Ave, Milton, ON L9E 2G1, Canada",(437) 499-8158,5,43,https://www.homepainterservices.ca/,https://mississaugainsider.ca/directory/trades/home-painter-services-aa8bgh/,ChIJGWVtjNBlK4gRZtYBOOP4c0k,no,
Buffalo Painters - Professional Painting Services Mississauga,Trades & Home Services,Painters,"6575 Kestrel Rd Unit 3, Mississauga, ON L5T 1P4, Canada",(416) 277-0599,5,43,http://buffalopainters.ca/,https://mississaugainsider.ca/directory/trades/buffalo-painters-professional-painting-services-mississauga-frdz2y/,ChIJW9nD6-JGK4gRGlNZIo3-dtA,no,
Mrock painters Ltd,Trades & Home Services,Painters,"3421 Laddie Crescent, Mississauga, ON L4T 1N2, Canada",(289) 201-6637,5,35,https://www.mrockpainters.ca/,https://mississaugainsider.ca/directory/trades/mrock-painters-ltd-wbtkxh/,ChIJq7kMibgB5A8Rf06t3nvKayM,no,
HTQ painting Inc.,Trades & Home Services,Painters,"1075 Fewster Dr Unit 1, Mississauga, ON L4W 1A2, Canada",(647) 936-0471,5,34,,https://mississaugainsider.ca/directory/trades/htq-painting-inc-km0qlj/,ChIJDSUb6QhHK4gRc34Am_-eZ0U,no,
C&C Painting Solutions,Trades & Home Services,Painters,"2001 Bonnymede Dr, Mississauga, ON L5J 4H8, Canada",(905) 630-6186,5,34,https://www.ccpaintingsolutions.ca/,https://mississaugainsider.ca/directory/trades/c-and-c-painting-solutions-9i7oux/,ChIJyz_k7QFHK4gR3CrtRLxcf4A,no,
DewDrop - Professional Painting Services Mississauga,Trades & Home Services,Painters,"857 Westlock Rd, Mississauga, ON L5C 1K7, Canada",(647) 471-9555,5,33,https://dewdroppainting.ca/,https://mississaugainsider.ca/directory/trades/dewdrop-professional-painting-services-mississauga-qjccex/,ChIJ_eTq9RtHK4gR1vpEyma1BPo,no,
DON’T PANIC HANDYMAN,Trades & Home Services,Painters,"4033 Hurontario St, Mississauga, ON L4Z 0B8, Canada",(647) 678-6858,5,30,https://forms.gle/798eqBuuNJu7BtPu7,https://mississaugainsider.ca/directory/trades/don-t-panic-handyman-zgr10n/,ChIJdwJew3lHK4gR31wj_w_h4tY,no,
Bright Life Painting - Interior Painter Mississauga,Trades & Home Services,Painters,"2556 Argyle Rd, Mississauga, ON L5B 2H6, Canada",(647) 621-4097,5,25,https://brightlifepainting.co/,https://mississaugainsider.ca/directory/trades/bright-life-painting-interior-painter-mississauga-4sxwhj/,ChIJaz7bD5pHK4gR1ywgwjNPEr8,no,
Paintint Inc,Trades & Home Services,Painters,"50 Absolute Ave, Mississauga, ON L4Z 0A8, Canada",(416) 568-1782,5,18,https://paintintinc.com/,https://mississaugainsider.ca/directory/trades/paintint-inc-3oegir/,ChIJEyC5rWmkbgIR_u8jbQmaTRI,no,
Michelangelo Painting,Trades & Home Services,Painters,"5995 Glen Erin Dr, Mississauga, ON L5M 5P7, Canada",(647) 899-0940,5,17,https://www.michelangelopainting.ca/,https://mississaugainsider.ca/directory/trades/michelangelo-painting-h7ur3u/,ChIJ6XZQg8L1RwoRSRDbtbn4L7s,no,
Vanguard Painting,Trades & Home Services,Painters,"600 Burnhamthorpe Rd W, Mississauga, ON L5B 2C4, Canada",(905) 399-2019,5,11,http://www.vanguardpainting.ca/,https://mississaugainsider.ca/directory/trades/vanguard-painting-v7dk3p/,ChIJcbf2Yy1BK4gRd4ssCbS2YD4,no,
Vibrant Designs Painting,Trades & Home Services,Painters,"Absolute Ave #1004, Mississauga, ON L4Z 0A4, Canada",(647) 992-5650,5,11,https://vibrantdesignspainting.com/,https://mississaugainsider.ca/directory/trades/vibrant-designs-painting-3mkhod/,ChIJXXqWexJHK4gRl5Ydlkf7ToM,no,
Home Painters Toronto,Trades & Home Services,Painters,"3379 Ellengale Dr, Mississauga, ON L5C 1Z5, Canada",(416) 494-9095,5,10,https://www.homepainterstoronto.com/painters-mississauga/?utm_source=google&utm_medium=organic&utm_campaign=gbp&utm_content=mississauga&utm_id=gbp-06&utm_source_platform=google_business_profile,https://mississaugainsider.ca/directory/trades/home-painters-toronto-u6jn0h/,ChIJe51OEU5BK4gR3yYwtIbu2x8,no,
Vanta Painting,Trades & Home Services,Painters,"5690 Freshwater Dr, Mississauga, ON L5M 7G2, Canada",(647) 877-2282,5,10,http://www.vantapainting.com/,https://mississaugainsider.ca/directory/trades/vanta-painting-49i1ot/,ChIJ56p43pFpK4gRDQSXgiegZTc,no,
CALL4PAINSTERS INC. Commercial And Residential Painting Service,Trades & Home Services,Painters,"30 Eglinton Ave W Unit 400, Mississauga, ON L5R 3E7, Canada",(647) 300-5973,5,8,http://www.call4painters.com/,https://mississaugainsider.ca/directory/trades/call4painsters-inc-commercial-and-residential-painting-servi-dd75zl/,ChIJ_XK0EtpAK4gREWBHPdHoITg,no,
Brothers Painting Services,Trades & Home Services,Painters,"3476 Glen Erin Dr, Mississauga, ON L5L 0A5, Canada",(416) 820-0715,5,5,https://brotherspainting.ca/,https://mississaugainsider.ca/directory/trades/brothers-painting-services-uv8j7u/,ChIJaerAY_xDK4gRJ6iL9j_b69o,no,
Mississauga Painters,Trades & Home Services,Painters,"33 Queensway W #77, Mississauga, ON L5B 1B5, Canada",(416) 848-6045,5,2,https://www.mississaugabestpainters.ca/,https://mississaugainsider.ca/directory/trades/mississauga-painters-6d36ch/,ChIJ3czGcydHK4gRRKl3jwtBRu0,no,
Painting Service Mississauga,Trades & Home Services,Painters,"100 City Centre Dr #75, Mississauga, ON L5B 2C9, Canada",(416) 848-0382,5,1,https://paintingservicemississauga.ca/,https://mississaugainsider.ca/directory/trades/painting-service-mississauga-i15gx1/,ChIJczqNOGdHK4gRvNh65usWZBA,no,
WOW 1 DAY PAINTING Toronto,Trades & Home Services,Painters,"25 Coronet Rd, Etobicoke, ON M8Z 2L8, Canada",(437) 703-2702,4.9,1244,https://www.wow1day.com/locations/house-painting-toronto/?utm_source=googleplus&utm_medium=maps&utm_campaign=gmb,https://mississaugainsider.ca/directory/trades/wow-1-day-painting-toronto-ax5ges/,ChIJofDrUu80K4gRw71Vuo2xnV8,no,
Handyman Mississauga Contracting,Trades & Home Services,Painters,"1140 Burnhamthorpe Rd W, Mississauga, ON L5C 0A3, Canada",(416) 301-4867,4.9,154,https://www.handymanmississauga.ca/,https://mississaugainsider.ca/directory/trades/handyman-mississauga-contracting-o9bdcg/,ChIJz9L920dBK4gRHGs8g6-8DiU,no,
Royal Leaf Painting Inc.,Trades & Home Services,Painters,"134 Kennedy Rd S Unit 102, Brampton, ON L6W 0E5, Canada",(647) 622-0070,4.9,102,http://www.royalleafpainting.com/,https://mississaugainsider.ca/directory/trades/royal-leaf-painting-inc-uw2k5v/,ChIJr6g6ozQTK4gR4LaxMkUWnJY,no,
AVL Painting And Renovations,Trades & Home Services,Painters,"830 Stainton Dr #68, Mississauga, ON L5C 2Z3, Canada",(416) 837-8927,4.9,50,https://www.avlpainting.com/,https://mississaugainsider.ca/directory/trades/avl-painting-and-renovations-ia63v2/,ChIJwzwpjVMO1mwRPLdiu_Um2ms,no,
Paint Core Finishes,Trades & Home Services,Painters,"2319 Dunwin Dr, Mississauga, ON L5L 1C7, Canada",(905) 607-1555,4.9,47,http://paintcore.ca/,https://mississaugainsider.ca/directory/trades/paint-core-finishes-tmjkrg/,ChIJNRdbCSlCK4gR7nkN2bR6ggM,no,
SurfacePro Painters,Trades & Home Services,Painters,"5230 Glen Erin Dr, Mississauga, ON L5M 5Z7, Canada",(289) 204-2030,4.9,44,http://surfacepropainters.ca/,https://mississaugainsider.ca/directory/trades/surfacepro-painters-hky1hf/,ChIJzeW0F49BK4gRBRcDfpO3IgU,no,
Home Painters Toronto,Trades & Home Services,Painters,"3 Whitehorse Rd #8, North York, ON M3J 3G8, Canada",(416) 494-9095,4.9,38,https://www.homepainterstoronto.com/downsview/?utm_source=google&utm_medium=organic&utm_campaign=gbp&utm_content=york-region&utm_id=gbp-03&utm_source_platform=google_business_profile,https://mississaugainsider.ca/directory/trades/home-painters-toronto-2b9afh/,ChIJJZn3m2IzK4gROV6G77w0yf0,no,
"Ontario Finishing, Painting & Renovation Services",Trades & Home Services,Painters,"1311 Whiffletree Ct, Mississauga, ON L5N 7R1, Canada",(647) 295-3229,4.9,36,https://ontariofinishing.ca/,https://mississaugainsider.ca/directory/trades/ontario-finishing-painting-and-renovation-services-aujz40/,ChIJJ01X4cbQWoARkqhwbrgCyIk,no,
Royal Painters Mississauga,Trades & Home Services,Painters,"55 Village Centre Pl, Mississauga, ON L4Z 1V9, Canada",(647) 995-7890,4.6,72,http://royalpainters.ca/,https://mississaugainsider.ca/directory/trades/royal-painters-mississauga-386ari/,ChIJjT-uy_xHK4gR80WaXCaa7aw,no,
Oakville Home Renovation Contractors By Red Stone Contracting,Trades & Home Services,General Contractors & Renovations,"1040 Speers Rd, Oakville, ON L6L 2X4, Canada",(905) 901-1006,5,141,http://redstonecontracting.com/,https://mississaugainsider.ca/directory/trades/oakville-home-renovation-contractors-by-red-stone-contractin-uj1s1m/,ChIJoRfvSvlgK4gRWKAdaBDoHqQ,no,
HKC CONSTRUCTION Mississauga,Trades & Home Services,General Contractors & Renovations,"5715 McAdam Rd, Mississauga, ON L4Z 1N9, Canada",(905) 565-1220,5,121,http://hkcconstruction.com/,https://mississaugainsider.ca/directory/trades/hkc-construction-mississauga-5quhcn/,ChIJAwNnh3hBK4gRP-o3R84TWEA,no,
Rarity Renovations,Trades & Home Services,General Contractors & Renovations,"5439 Middlebury Dr, Mississauga, ON L5M 5E8, Canada",,5,109,https://rarityrenovations.com/,https://mississaugainsider.ca/directory/trades/rarity-renovations-y0avs7/,ChIJi8eriiNwpgkRaTsg5Lo4DDs,no,
3M Renovations Inc.,Trades & Home Services,General Contractors & Renovations,"7270 Torbram Rd Unit 200, Mississauga, ON L4T 3Y7, Canada",(647) 963-2584,5,76,https://www.3mrenovations.com/,https://mississaugainsider.ca/directory/trades/3m-renovations-inc-csvxew/,ChIJhW8agWQsy2wRtZR_Nbb2lzQ,no,
Osoba Renos & Design,Trades & Home Services,General Contractors & Renovations,"3819 Forest Bluff Crescent, Mississauga, ON L5N 7T8, Canada",(647) 562-4275,5,60,https://osobarenos.ca/,https://mississaugainsider.ca/directory/trades/osoba-renos-and-design-wsn1mn/,ChIJOd34iKZrK4gR1qMeDyHAFhQ,no,
Renocorp Inc,Trades & Home Services,General Contractors & Renovations,"2283 Argentia Rd Unit 21, Mississauga, ON L5N 5Z2, Canada",(416) 877-2408,5,58,https://renocorpinc.ca/,https://mississaugainsider.ca/directory/trades/renocorp-inc-crp4d1/,ChIJDW6ByNlrK4gRqLSFwQqV_NE,no,
A-10 Contracting Inc.,Trades & Home Services,General Contractors & Renovations,"2150 Roche Ct, Mississauga, ON L5K 1T5, Canada",(647) 615-2576,5,38,https://www.a-10contracting.com/,https://mississaugainsider.ca/directory/trades/a-10-contracting-inc-fpuo9e/,ChIJ61YPF8W2rKcRERP6gplIWBc,no,
SHAM CONTRACTING & RENOVATIONS INC.,Trades & Home Services,General Contractors & Renovations,"330 Burnhamthorpe Rd W, Mississauga, ON L5B 0E1, Canada",(647) 549-7277,5,37,http://www.shamcontracting.com/,https://mississaugainsider.ca/directory/trades/sham-contracting-and-renovations-inc-eh0jov/,ChIJf9xyJRLzeyoRzPt6ojsdj3c,no,
Real Brothers Construction Limited,Trades & Home Services,General Contractors & Renovations,"5752 Volpe Ave, Mississauga, ON L5V 2X5, Canada",(888) 581-4015,5,30,https://www.realbrothers.ca/,https://mississaugainsider.ca/directory/trades/real-brothers-construction-limited-4tscw2/,ChIJKY3YTti9r6AR31-pY3zMg9A,no,
Matrix Renovations,Trades & Home Services,General Contractors & Renovations,"1060 Britannia Rd E, Mississauga, ON L4W 4T1, Canada",(647) 449-2385,5,30,http://www.matrixrenovations.net/,https://mississaugainsider.ca/directory/trades/matrix-renovations-jaweuq/,ChIJO_2aX1o_K4gRqM-1aYjB3Zk,no,
Vision Homes Custom Renovations & Build,Trades & Home Services,General Contractors & Renovations,"2447 Bonner Rd, Mississauga, ON L5J 4J9, Canada",(647) 449-9574,5,30,https://visionhomesltd.ca/,https://mississaugainsider.ca/directory/trades/vision-homes-custom-renovations-and-build-mhcls2/,ChIJf_qXilBDK4gRChtRKS3DF0g,no,
the clue general contractor,Trades & Home Services,General Contractors & Renovations,"4172 Beacon Ln, Mississauga, ON L5C 3V9, Canada",(437) 427-9495,5,28,https://www.cluegn.com/,https://mississaugainsider.ca/directory/trades/the-clue-general-contractor-6c4ymz/,ChIJcYsznfIrYGIRnJKx3LZr1nM,no,
Parsa Renovations,Trades & Home Services,General Contractors & Renovations,"30 Eglinton Ave W, Mississauga, ON L5R 3E7, Canada",(437) 998-8886,5,27,https://www.parsarenovations.ca/,https://mississaugainsider.ca/directory/trades/parsa-renovations-imw7aq/,ChIJ-30PZ_JBK4gRSftakoxL5wI,no,
Assured Construction and Maintenance Inc.,Trades & Home Services,General Contractors & Renovations,"30 Eglinton Ave W #200, Mississauga, ON L5R 0C1, Canada",,5,19,,https://mississaugainsider.ca/directory/trades/assured-construction-and-maintenance-inc-d8azx0/,ChIJW0kXcL1BK4gRYQb4S6dtsuM,no,
Nuance Contracting,Trades & Home Services,General Contractors & Renovations,"5635 Patron Cove, Mississauga, ON L5M 7G4, Canada",(647) 906-3900,5,19,https://www.nuancecontracting.ca/,https://mississaugainsider.ca/directory/trades/nuance-contracting-w4zlnf/,ChIJPR3MqtppK4gRpSfqdw_tSpg,no,
Bright Life Home Renovation,Trades & Home Services,General Contractors & Renovations,"649 Thamesford Terrace, Mississauga, ON L5R 2B8, Canada",(647) 231-9862,5,18,https://www.brightlifereno.ca/,https://mississaugainsider.ca/directory/trades/bright-life-home-renovation-a18i17/,ChIJkboMaMhBK4gROCNYLikYQVo,no,
The General Contractor - Home Renovations,Trades & Home Services,General Contractors & Renovations,"1325 Eglinton Ave E Unit#217, Mississauga, ON L4W 4L9, Canada",(647) 446-0842,5,14,https://www.thegeneralcontractorinc.ca/,https://mississaugainsider.ca/directory/trades/the-general-contractor-home-renovations-mmvu09/,ChIJ9fENs6k5K4gRzycRXx_1Xyg,no,
The Epic Builders - Mississauga,Trades & Home Services,General Contractors & Renovations,"2233 Argentia Rd, Mississauga, ON L5N 2X7, Canada",(844) 992-3742,5,14,https://www.theepicbuilders.ca/,https://mississaugainsider.ca/directory/trades/the-epic-builders-mississauga-vysoet/,ChIJu8XZITJrK4gR2E7jjwxy5kQ,no,
House Renovations,Trades & Home Services,General Contractors & Renovations,"4118 Dunmow Crescent, Mississauga, ON L4Z 1C9, Canada",(647) 914-4848,5,13,https://house-renovations.ca/,https://mississaugainsider.ca/directory/trades/house-renovations-jfyo7i/,ChIJrRQFfLdHK4gR6Op6-rDVyt8,no,
Crown Constructions,Trades & Home Services,General Contractors & Renovations,"6733 Mississauga Rd Ste 700, Mississauga, ON L5N 6J5, Canada",(416) 524-2766,5,11,https://crownconstructions.ca/home-renovation-mississauga/,https://mississaugainsider.ca/directory/trades/crown-constructions-sbxtgl/,ChIJu1TThnxrK4gRg5oasInEJSQ,no,
Team J Renovations,Trades & Home Services,General Contractors & Renovations,"7440 Goreway Dr, Mississauga, ON L4T 2V2, Canada",(647) 890-4777,5,10,http://www.teamjrenovations.com/,https://mississaugainsider.ca/directory/trades/team-j-renovations-krr0rg/,ChIJpbGj71U7K4gROb8QLFDJUcA,no,
Supreme renovators inc,Trades & Home Services,General Contractors & Renovations,"1066 Old Derry Rd, Mississauga, ON L5W 1A1, Canada",(416) 828-8924,5,6,,https://mississaugainsider.ca/directory/trades/supreme-renovators-inc-4xjzn4/,ChIJ9SUsEwBBK4gRvJ6640uBzBY,no,
Gta renovation and construction trade,Trades & Home Services,General Contractors & Renovations,"2915 Derry Rd E, Mississauga, ON L4T 1A6, Canada",(647) 617-5118,5,6,https://gtarenovationconstruction.com/,https://mississaugainsider.ca/directory/trades/gta-renovation-and-construction-trade-mms837/,ChIJ1_JAcwA7K4gRksbY3TkJCwo,no,
Sky Home Renovation Ltd.,Trades & Home Services,General Contractors & Renovations,"49 Hood Crescent, Brampton, ON L6Y 4S7, Canada",(647) 782-9154,4.9,171,http://www.skyhomereno.ca/,https://mississaugainsider.ca/directory/trades/sky-home-renovation-ltd-0u84qo/,ChIJD_f9zC0RK4gRgwJwqTTYxt4,no,
Handyman Mississauga Contracting,Trades & Home Services,General Contractors & Renovations,"1140 Burnhamthorpe Rd W, Mississauga, ON L5C 0A3, Canada",(416) 301-4867,4.9,154,https://www.handymanmississauga.ca/,https://mississaugainsider.ca/directory/trades/handyman-mississauga-contracting-o9bdcg/,ChIJz9L920dBK4gRHGs8g6-8DiU,no,
HandyBros,Trades & Home Services,General Contractors & Renovations,"1359 Rathburn Rd E Unit 2550, Mississauga, ON L4W 5P7, Canada",(647) 994-7216,4.9,153,http://handybroscontracting.ca/,https://mississaugainsider.ca/directory/trades/handybros-j26wf3/,ChIJm6E70Ho4K4gRmMrejsklJaE,no,
Ace Build Contracting,Trades & Home Services,General Contractors & Renovations,"1445 Bonhill Rd #22a, Mississauga, ON L5T 1V3, Canada",(905) 904-3511,4.9,147,https://acebuildcontracting.ca/,https://mississaugainsider.ca/directory/trades/ace-build-contracting-f257zr/,ChIJ95_ygsz8uUkRl6PJNJn6Upg,no,
RE-NUITT BUILDERS INC.,Trades & Home Services,General Contractors & Renovations,"2010 Winston Park Dr, Oakville, ON L6H 6X7, Canada",(905) 291-7011,4.9,117,http://www.renuittbuilders.com/,https://mississaugainsider.ca/directory/trades/re-nuitt-builders-inc-j7s1bz/,ChIJdS_cXcxDK4gRJZ8cv_RYXWM,no,
310RENO Design and Renovation,Trades & Home Services,General Contractors & Renovations,"4 Robert Speck Pkwy #1500, Mississauga, ON L4Z 1S1, Canada",(905) 273-6682,4.9,107,http://www.310reno.ca/,https://mississaugainsider.ca/directory/trades/310reno-design-and-renovation-imzh4i/,ChIJz4eaKDtHK4gRUf6rJ5JJnLE,no,
M & D Buildings,Trades & Home Services,General Contractors & Renovations,"5910 Greensboro Dr, Mississauga, ON L5M 5Z6, Canada",(905) 593-0909,4.9,86,https://www.mdbuilders.ca/,https://mississaugainsider.ca/directory/trades/m-and-d-buildings-dbshoa/,ChIJF_SYXnNCK4gRJNlbjEoGQGA,no,
HMH CONSTRUCTION,Trades & Home Services,General Contractors & Renovations,"32 Village Centre Pl Ste 101, Mississauga, ON L4Z 1V9, Canada",(647) 695-1905,4.9,71,https://hmhconstruction.ca/,https://mississaugainsider.ca/directory/trades/hmh-construction-076dk7/,ChIJ85-JG95HK4gR4u0sMXt77FA,no,
AMJ Home Renovation,Trades & Home Services,General Contractors & Renovations,"2275 Upper Middle Rd E, Oakville, ON L6H 0C3, Canada",(905) 491-6840,4.9,54,https://amjcustomrenovations.ca/,https://mississaugainsider.ca/directory/trades/amj-home-renovation-6k8sgn/,ChIJq0Q4b4laHCoR1BnJg5VY98A,no,
DL Builds ltd,Trades & Home Services,General Contractors & Renovations,"2502 Frankfield Rd, Mississauga, ON L5K 2A6, Canada",(647) 972-9791,4.9,52,http://dlbuilds.ca/,https://mississaugainsider.ca/directory/trades/dl-builds-ltd-gigike/,ChIJa9Tko2TT5EwRxtVzEJFdc2s,no,
Next Level Construction And Renovations Mississauga,Trades & Home Services,General Contractors & Renovations,"5250 Solar Dr Unit 4, Mississauga, ON L4W 5M8, Canada",(647) 494-5522,4.9,45,https://nextlevelconstructionltd.com/,https://mississaugainsider.ca/directory/trades/next-level-construction-and-renovations-mississauga-wymina/,ChIJp3wQzadHK4gR7G3QIBVyevc,no,
Veles Construction Ltd. - Home Renovation Services,Trades & Home Services,General Contractors & Renovations,"2408 Haines Rd Unit 6, Mississauga, ON L4Y 1Y6, Canada",(416) 700-0056,4.9,41,http://www.velesconstructionltd.ca/,https://mississaugainsider.ca/directory/trades/veles-construction-ltd-home-renovation-services-1i2z8d/,ChIJFau5vyB3Jk0R-upoAW1RYQk,no,
HAPPY VALLEY HOME BUILDERS,Trades & Home Services,General Contractors & Renovations,"1005 Mid-Way Blvd, Mississauga, ON L5T 2C1, Canada",(647) 712-2425,4.9,41,http://hvhomebuilders.ca/,https://mississaugainsider.ca/directory/trades/happy-valley-home-builders-5ixszt/,ChIJZ1jmrQI_K4gRFnT7Nl03t_I,no,
Aho general contracting INC.,Trades & Home Services,General Contractors & Renovations,"1485 Gulleden Dr, Mississauga, ON L4X 2T2, Canada",(437) 879-9900,4.9,23,https://aho.ae/,https://mississaugainsider.ca/directory/trades/aho-general-contracting-inc-8z90al/,ChIJwRUbZv85K4gRMhDt2fdfz10,no,
Heptagon Inc,Trades & Home Services,General Contractors & Renovations,"Queen St S, Mississauga, ON L5M 1L7, Canada",(647) 470-1007,4.8,55,http://www.hepto.ca/,https://mississaugainsider.ca/directory/trades/heptagon-inc-8y6izh/,ChIJNZ7ZjrdBK4gREFE_pjdAjcw,no,
ARR HOME SOLUTIONS INC.,Trades & Home Services,General Contractors & Renovations,"6449 Glen Erin Dr, Mississauga, ON L5N 2T2, Canada",(647) 705-8177,4.8,47,https://www.arrhomesolutions.ca/,https://mississaugainsider.ca/directory/trades/arr-home-solutions-inc-subbw9/,ChIJJ0p9-pdrK4gRCFfbMWrbPUQ,no,
Ideal Lock and Service,Trades & Home Services,Locksmiths,"484 Parkview Blvd., Mississauga, ON L5B 3M6, Canada",(905) 275-2518,5,213,http://www.ideallockandservice.com/,https://mississaugainsider.ca/directory/trades/ideal-lock-and-service-woyo55/,ChIJtWs3zA1HK4gRWBjA-ASC0WA,no,
Fob experts,Trades & Home Services,Locksmiths,"4 Mississauga Rd N, Mississauga, ON L5H 1G4, Canada",(416) 792-1899,5,5,https://www.fobexperts.com/,https://mississaugainsider.ca/directory/trades/fob-experts-4t20kk/,ChIJL_MVYkBHK4gRE9EccTY5eL8,no,
Able Lock Service Ltd.,Trades & Home Services,Locksmiths,"Able Lock Ltd, 145 Traders Blvd E Unit #21 & 22, Mississauga, ON L4Z 2E5, Canada",(905) 501-7700,5,3,https://www.ablelockservice.com/,https://mississaugainsider.ca/directory/trades/able-lock-service-ltd-x6kc2n/,ChIJeSjFT2RBK4gRONX6VhWSqbM,no,
Etobicoke Locksmith,Trades & Home Services,Locksmiths,"201 Lloyd Manor Rd, Etobicoke, ON M9B 5K6, Canada",(416) 840-4531,5,1,https://www.locksmithsinetobicoke.ca/,https://mississaugainsider.ca/directory/trades/etobicoke-locksmith-rqa273/,ChIJ5xbIhos3K4gRO5cZDt9A2C0,no,
Locksmith Woodbridge,Trades & Home Services,Locksmiths,"350 Woodbridge Ave, Woodbridge, ON L4L 3K8, Canada",(647) 499-8844,5,1,https://www.anytimelocksmithwoodbridge.ca/,https://mississaugainsider.ca/directory/trades/locksmith-woodbridge-5qsjrc/,ChIJiSzMPNYlK4gRYvFdPR8yiO4,no,
Lockmasters Locksmith Woodbridge,Trades & Home Services,Locksmiths,"7700 Pine Valley Dr, Vaughan, ON L4L 2X4, Canada",(416) 619-4637,5,1,https://www.woodbridgeonlocksmiths.com/,https://mississaugainsider.ca/directory/trades/lockmasters-locksmith-woodbridge-0rlwvb/,ChIJ12sQek8lK4gRKcz-VqVWcMk,no,
Direct Locksmith,Trades & Home Services,Locksmiths,"877 Alness St #24, North York, ON M3J 2X4, Canada",(416) 477-5533,4.9,1869,https://directlocksmith.ca/,https://mississaugainsider.ca/directory/trades/direct-locksmith-nhlhk8/,ChIJLy7hZAsuK4gRkaAKwFjmVBg,no,
Keyfobs Locksmith,Trades & Home Services,Locksmiths,"700 Dundas St E Second Floor Unit 14, Mississauga, ON L4Y 3Y5, Canada",(647) 960-1477,4.9,588,https://keyfobs.ca/,https://mississaugainsider.ca/directory/trades/keyfobs-locksmith-5tw1le/,ChIJK2MTqA9HK4gRYBS98lkXwOA,no,
True Lock & Security Services,Trades & Home Services,Locksmiths,"72 Dolphin Song Crescent, Brampton, ON L6R 2A7, Canada",(647) 830-8783,4.8,85,http://www.truelocksecurity.ca/,https://mississaugainsider.ca/directory/trades/true-lock-and-security-services-qijotq/,ChIJoQWzIkcWK4gROGnx1a_WTpI,no,
Security Locksmith & Design Ltd. (SLD Security),Trades & Home Services,Locksmiths,"10 - 6965 Davand Dr, Mississauga, ON L5T 1Y6, Canada",(416) 504-8861,4.8,19,http://sldsecuritysolutions.ca/,https://mississaugainsider.ca/directory/trades/security-locksmith-and-design-ltd-sld-security-v061lu/,ChIJYX4My-A0K4gRv0odTR34DLM,no,
Spectrum Locksmith,Trades & Home Services,Locksmiths,"3266 Camberwell Dr, Mississauga, ON L5M 6T2, Canada",(647) 909-7320,4.8,16,https://spectrumlocksmith.com/,https://mississaugainsider.ca/directory/trades/spectrum-locksmith-uxwg7t/,ChIJ3yTXy4VrK4gRXNxG1a-S4y4,no,
Minute Key,Trades & Home Services,Locksmiths,"3155 Argentia Rd, Mississauga, ON L5N 8E1, Canada",(800) 539-7571,4.5,25,https://www.minutekey.com/key-services/ontario/mississauga/locksmith-key-copy-duplication-3155-argentia-rd-/26208/,https://mississaugainsider.ca/directory/trades/minute-key-5p0vqf/,ChIJI_iYs_VrK4gRIo029obeeZE,no,
Minute Key,Trades & Home Services,Locksmiths,"5100 Erin Mills Pkwy, Mississauga, ON L5M 4Z5, Canada",(800) 539-7571,4.1,80,https://www.minutekey.com/key-services/ontario/mississauga/locksmith-key-copy-duplication-5100-erin-mills-parkway/26725/,https://mississaugainsider.ca/directory/trades/minute-key-l9d0m8/,ChIJRTt2NcNBK4gRLaoEPKsxgLs,no,
RRR Appliance Repair,Trades & Home Services,Appliance Repair,"1200 Speers Rd #40, Oakville, ON L6L 2X4, Canada",(289) 631-0888,5,1157,https://www.rrrappliancerepair.com/,https://mississaugainsider.ca/directory/trades/rrr-appliance-repair-yq88fr/,ChIJj6-EWsh_AQcRMZ332RZn_Rg,no,
Promaster Appliance Repair,Trades & Home Services,Appliance Repair,"30 Shore Breeze Dr Unit 6208, Etobicoke, ON M8V 0J1, Canada",(647) 575-6835,5,674,https://promasterappliances.ca/,https://mississaugainsider.ca/directory/trades/promaster-appliance-repair-2ca15o/,ChIJcSPXrAy0a0ARBLTUXwCXFZs,no,
Onbudget Appliances Repairs,Trades & Home Services,Appliance Repair,"80 Marine Parade Dr #2407, Etobicoke, ON M8V 0A3, Canada",(647) 865-5157,5,625,,https://mississaugainsider.ca/directory/trades/onbudget-appliances-repairs-qfwy33/,ChIJt_4zqcU3K4gR-xvkElcTPyk,no,
AS Appliance Repair,Trades & Home Services,Appliance Repair,"1589 Rose Way #113, Milton, ON L9E 1N4, Canada",(647) 507-9201,5,134,https://asappliancerepair.ca/,https://mississaugainsider.ca/directory/trades/as-appliance-repair-d05yco/,ChIJ8dpDX0tHK4gRJ2VSFfPY8QU,no,
GTA Home Appliances repair,Trades & Home Services,Appliance Repair,"4 Melanie Dr #11a, Brampton, ON L6T 4K8, Canada",(647) 529-9645,5,128,http://www.gtafix.ca/,https://mississaugainsider.ca/directory/trades/gta-home-appliances-repair-cumqgx/,ChIJWdS1TRk9K4gR7jMVPLNVi8A,no,
Maar24 Appliance repair,Trades & Home Services,Appliance Repair,"1660 Bloor St #507, Mississauga, ON L4X 1R9, Canada",(647) 491-8987,5,125,https://maar24.com/mississauga-ontario-appliance-repair/,https://mississaugainsider.ca/directory/trades/maar24-appliance-repair-aywvee/,ChIJOebyv5cVKQwR9duAmnnPcNA,no,
Plumber Express Rescue Mississauga,Trades & Home Services,Appliance Repair,"2 Robert Speck Pkwy #7, Mississauga, ON L4Z 1H8, Canada",(647) 955-1856,5,115,https://plumberrapidrescuemississaugaa.ca/,https://mississaugainsider.ca/directory/trades/plumber-express-rescue-mississauga-gfh4np/,ChIJc5Zv68tHK4gR2XHTbXhAw74,no,
Pegasus Appliance Repair,Trades & Home Services,Appliance Repair,"2255 Dundas St W Suite 404, Mississauga, ON L5K 1R6, Canada",(289) 275-9559,5,69,https://pegasusappliancerepair.ca/mississauga-appliance-repair/?utm_source=GMB&utm_medium=organic&utm_campaign=gmb,https://mississaugainsider.ca/directory/trades/pegasus-appliance-repair-qabqlp/,ChIJYaSJp2ZDK4gRmgjw7ps_Irg,no,
905 Appliance Repair,Trades & Home Services,Appliance Repair,"7 Rimini Mews unit 6, Mississauga, ON L5N 4K1, Canada",(289) 906-6997,5,48,https://905appliancerepair.ca/appliance-repair-mississauga/,https://mississaugainsider.ca/directory/trades/905-appliance-repair-odhtrr/,ChIJC-w9CaFBK4gRgk2xtqTxhys,no,
JG Appliances & HVAC Services Inc.,Trades & Home Services,Appliance Repair,"915 Inverhouse Dr, Mississauga, ON L5J 4B2, Canada",(905) 218-3633,5,29,https://jgappliances.ca/,https://mississaugainsider.ca/directory/trades/jg-appliances-and-hvac-services-inc-f7b5nr/,ChIJW2_VKc5FK4gRa399XoZnE3g,no,
Appliance Repair 365,Trades & Home Services,Appliance Repair,"5634 Topaz Pl, Mississauga, ON L5M 7B7, Canada",(416) 877-7713,5,25,https://appliancewhisperer2.godaddysites.com/,https://mississaugainsider.ca/directory/trades/appliance-repair-365-w6uut4/,ChIJzaaCkmdSQGoR-tDYDq6OztM,no,
MZ Appliance Repair,Trades & Home Services,Appliance Repair,"3075 Hurontario St a2, Mississauga, ON L5A 2G9, Canada",(416) 662-9605,5,18,https://mzappliancerepair.ca/,https://mississaugainsider.ca/directory/trades/mz-appliance-repair-q5tjrz/,ChIJY0QPKm5HK4gRlu0ol1TvYMg,no,
E&N Appliance,Trades & Home Services,Appliance Repair,"4889 Yorkshire Ave, Mississauga, ON L4Z 4H6, Canada",(647) 860-5015,5,15,,https://mississaugainsider.ca/directory/trades/e-and-n-appliance-if4g8x/,ChIJvfuceQxBK4gR_EYzLQCcfrg,no,
APPLIANCE KING CERTIFIED Used Appliance SALES/ REPAIR/ PARTS ** APPOINTMENT ONLY PLS CALL IN ADVANCE,Trades & Home Services,Appliance Repair,"1200 Aerowood Dr #28, Mississauga, ON L4W 2S7, Canada",(416) 402-9110,5,7,,https://mississaugainsider.ca/directory/trades/appliance-king-certified-used-appliance-sales-repair-parts-a-1f2g2r/,ChIJ7TG_rYZBK4gRr0QrmzOQKko,no,
A-Repair,Trades & Home Services,Appliance Repair,"3290 Dragon Dr, Mississauga, ON L5B 3G6, Canada",(647) 333-3350,5,5,https://a-repair.com/,https://mississaugainsider.ca/directory/trades/a-repair-cn7dg8/,ChIJe3_jm8Q5K4gRv6raXUMCIA4,no,
RepairUs Commercial Refrigeration Services Mississauga Inc,Trades & Home Services,Appliance Repair,"77 City Centre Dr Suite 501, Mississauga, ON L5B 1M5, Canada",(647) 794-5535,5,2,https://repairusmississauga.ca/,https://mississaugainsider.ca/directory/trades/repairus-commercial-refrigeration-services-mississauga-inc-2l5fo4/,ChIJWSKsJZPOZm0RXkUKIy60Ygc,no,
Canada Appliance Repair,Trades & Home Services,Appliance Repair,"325 Bogert Ave Unit L2, North York, ON M2N 1L8, Canada",(416) 887-5839,4.9,535,https://canadaappliancerepair.ca/,https://mississaugainsider.ca/directory/trades/canada-appliance-repair-gycdwo/,ChIJnVhgkTzL1IkRHeY1FsKE_9E,no,
Appliance Repair Shymon,Trades & Home Services,Appliance Repair,"7 Smith Crescent #216, Etobicoke, ON M8Z 0G3, Canada",(416) 822-4404,4.9,367,https://appliancerepairshymon.ca/,https://mississaugainsider.ca/directory/trades/appliance-repair-shymon-hp0pdu/,ChIJp0QMdJgtK4gReelxR2mH_zM,no,
Green Star Appliances,Trades & Home Services,Appliance Repair,"1103 Britannia Rd E, Mississauga, ON L4W 3X1, Canada",(416) 835-2922,4.9,317,http://greenrepair.ca/,https://mississaugainsider.ca/directory/trades/green-star-appliances-jdzedu/,ChIJGZp3gDY_K4gRsAL1c1ZAn8w,no,
QR Appliance Service and Parts,Trades & Home Services,Appliance Repair,"396 Chandler Crescent, Milton, ON L9T 0S9, Canada",(647) 895-5397,4.9,293,https://qrappliance.com/,https://mississaugainsider.ca/directory/trades/qr-appliance-service-and-parts-gzriul/,ChIJnYUJtqVvK4gRijhEzzeELOE,no,
Maydone Appliance Repair Vaughan,Trades & Home Services,Appliance Repair,"70 Angelina Ave, Woodbridge, ON L4L 8N9, Canada",(888) 513-0052,4.9,287,https://maydone.com/appliance-repair-vaughan/,https://mississaugainsider.ca/directory/trades/maydone-appliance-repair-vaughan-mj9l1l/,ChIJAQC8eyslK4gRHRGiFpRThtY,no,
Honest Appliance Repair,Trades & Home Services,Appliance Repair,"335 Grand Highland Way, Mississauga, ON L4Z 3V6, Canada",(416) 580-4085,4.9,115,https://honestappliancerepair.ca/,https://mississaugainsider.ca/directory/trades/honest-appliance-repair-ylhp43/,ChIJb5_BD9tBK4gRIFohxsA2sk0,no,
Sudan Appliance Installer & Repair - Moving Services Company.,Trades & Home Services,Appliance Repair,"7493 Netherwood Rd, Mississauga, ON L4T 2N7, Canada",(437) 236-3677,4.9,42,https://www.sudanservicesinc.ca/,https://mississaugainsider.ca/directory/trades/sudan-appliance-installer-and-repair-moving-services-company-87lro8/,ChIJyQyRJTI7K4gR3A3k_iawUYE,no,
YSF APPLIANCES REPAIR INC.,Trades & Home Services,Appliance Repair,"966 Pantera Dr Unit 10-11, Mississauga, ON L4W 2S1, Canada",(647) 470-3410,4.9,14,https://www.ysfappliancesrepair.com/%20%20%20https://easygoappliances.ca/,https://mississaugainsider.ca/directory/trades/ysf-appliances-repair-inc-2867o7/,ChIJd9t6EJJHK4gRIGBAZdodGuU,no,
Goemans Appliances Mississauga,Trades & Home Services,Appliance Repair,"3050 Vega Blvd, Mississauga, ON L5L 5X8, Canada",(905) 820-2600,4.5,1105,https://www.goemans.com/home/,https://mississaugainsider.ca/directory/trades/goemans-appliances-mississauga-tas99y/,ChIJP8k59ABDK4gRGGB4DwfkrmQ,no,
Alf Steffler Appliances,Trades & Home Services,Appliance Repair,"1032 Southdown Rd, Mississauga, ON L5J 2Y8, Canada",(905) 822-4174,4.3,79,https://alfstefflerappliances.ca/,https://mississaugainsider.ca/directory/trades/alf-steffler-appliances-e3v0g8/,ChIJbcgOyWFEK4gR9p2vfFdqcFs,no,
Clean Area,Trades & Home Services,Cleaning Services,"4453 Waterford Crescent, Mississauga, ON L5R 2B4, Canada",(647) 745-2955,5,129,https://clean-area.com/,https://mississaugainsider.ca/directory/trades/clean-area-zwcz7j/,ChIJrXgP7G-UTCQRuFHnOaOktvc,no,
The Maids of Mississauga and West Toronto,Trades & Home Services,Cleaning Services,"2465 Cawthra Rd Unit 108, Mississauga, ON L5A 3P2, Canada",(905) 897-9988,5,55,https://www.maids.com/207,https://mississaugainsider.ca/directory/trades/the-maids-of-mississauga-and-west-toronto-2l7qr3/,ChIJd4WgjKJHK4gR2REgPgqf-K4,no,
Missi Cleaning Services,Trades & Home Services,Cleaning Services,"Folcroft St, Brampton, ON L6Y 0B6, Canada",(519) 865-5335,5,49,http://missicleaning.com/,https://mississaugainsider.ca/directory/trades/missi-cleaning-services-k58b30/,ChIJ_1DILyQVK4gR9HzBYk4E4ns,no,
Always Clean,Trades & Home Services,Cleaning Services,"Street, 3328 McMaster Rd, Mississauga, ON L5L 5J1, Canada",(416) 712-9976,5,46,http://alwaysclean.solutions/,https://mississaugainsider.ca/directory/trades/always-clean-io8c02/,ChIJReS7GmhDK4gREMJcsxvpED4,no,
MaidUP Cleaning Services,Trades & Home Services,Cleaning Services,"5757 Glen Erin Dr, Mississauga, ON L5M 5J9, Canada",(416) 551-1999,5,44,https://www.maidupcleaning.ca/,https://mississaugainsider.ca/directory/trades/maidup-cleaning-services-bgleno/,ChIJOdx3ZxxBK4gRxX5wi7gGn08,no,
Baytak clean company,Trades & Home Services,Cleaning Services,"1359 Rathburn Rd E, Mississauga, ON L4W 5P7, Canada",(437) 858-3185,5,22,,https://mississaugainsider.ca/directory/trades/baytak-clean-company-mzr61z/,ChIJPQZ3L-12bWARbKAYYfeZP_A,no,
A team cleaning service,Trades & Home Services,Cleaning Services,"5636 Kellandy Run, Mississauga, ON L5M 7A8, Canada",(437) 263-6134,5,17,https://ateamcleaning.ca/,https://mississaugainsider.ca/directory/trades/a-team-cleaning-service-aikvcu/,ChIJva2q9zHRVycRdvbDW1F66pc,no,
Sweepifi - Cleaning Services,Trades & Home Services,Cleaning Services,"5104 Heatherleigh Ave, Mississauga, ON L5V 1M7, Canada",(647) 642-8765,5,15,https://www.sweepifi.ca/,https://mississaugainsider.ca/directory/trades/sweepifi-cleaning-services-1qaksh/,ChIJrQr8l12Z6CwRH77DBQG2KD0,no,
Stellar Maid,Trades & Home Services,Cleaning Services,"5975 Glen Erin Dr, Mississauga, ON L5N 5P9, Canada",(647) 799-2267,5,11,https://stellarmaid.ca/,https://mississaugainsider.ca/directory/trades/stellar-maid-48qnss/,ChIJn5nsbgZMm4gRFqL4JM_4aR4,no,
Eco Scrubbed Residential and Commercial Cleaners Mississauga,Trades & Home Services,Cleaning Services,"30 Eglinton Ave W, Mississauga, ON L5R 3E7, Canada",(365) 635-5279,5,11,https://www.ecoscrubbed.com/mississauga-cleaning-services?utm_source=gbp,https://mississaugainsider.ca/directory/trades/eco-scrubbed-residential-and-commercial-cleaners-mississauga-xyoba7/,ChIJpw712rdBK4gRZ49GxQvaRUg,no,
ByMaid House Cleaning Service,Trades & Home Services,Cleaning Services,"226 Lakeshore Rd E, Mississauga, ON L5G 1G6, Canada",(647) 559-3006,5,4,,https://mississaugainsider.ca/directory/trades/bymaid-house-cleaning-service-4b1jn1/,ChIJ_fjdkKVaKoYRXM36jaqnE14,no,
Top Home Services,Trades & Home Services,Cleaning Services,"75 Paisley Blvd W, Mississauga, ON L5B 1E7, Canada",(647) 580-8782,5,4,,https://mississaugainsider.ca/directory/trades/top-home-services-f9ysql/,ChIJo_FLPQtHK4gRKKtS_3AQLrk,no,
Longividade Cleaning Inc.,Trades & Home Services,Cleaning Services,"60 Bristol Rd E Ste 142, Mississauga, ON L4Z 3K8, Canada",(437) 984-5895,4.9,197,https://longividadecleaning.com/,https://mississaugainsider.ca/directory/trades/longividade-cleaning-inc-l8a2jc/,ChIJY4B_0ltBK4gRoWyRXm77j00,no,
JEM Cleaning,Trades & Home Services,Cleaning Services,"3045 Southcreek Rd #11, Mississauga, ON L4X 2X6, Canada",(416) 410-5131,4.9,101,https://jemcleaning.ca/,https://mississaugainsider.ca/directory/trades/jem-cleaning-en4tr3/,ChIJ0WeZMBlIK4gRezV7X9B4O2s,no,
ApexShine Cleaning,Trades & Home Services,Cleaning Services,"95 Viva Gardens, Oakville, ON L6H 0Z2, Canada",(416) 613-7702,4.9,71,https://homecleanerscanada.ca/,https://mississaugainsider.ca/directory/trades/apexshine-cleaning-pi16aw/,ChIJWXPaFYAYvwoRmaCHFe_Wp4c,no,
Now It’s Clean Mississauga,Trades & Home Services,Cleaning Services,"3660 Hurontario St Ste 414, Mississauga, ON L5B 3C4, Canada",(647) 799-3035,4.9,55,https://nowitsclean.ca/locations/mississauga-cleaning-services/?utm_source=GBP&utm_medium=organic,https://mississaugainsider.ca/directory/trades/now-it-s-clean-mississauga-tq8s7a/,ChIJSRJxVzNHK4gRUnQ6UQ-Q5mA,no,
Amaru Cleaning Services,Trades & Home Services,Cleaning Services,"25 Paisley Blvd W, Mississauga, ON L5B 1E3, Canada",(647) 395-6935,4.9,40,https://www.amaruprofessionalcleaning.com/?utm_source=google&utm_medium=wix_google_business_profile&utm_campaign=10436694248988255621,https://mississaugainsider.ca/directory/trades/amaru-cleaning-services-2gqwz0/,ChIJF6he-_tHK4gRy-W_yWKH0ww,no,
Team Cleaning,Trades & Home Services,Cleaning Services,"Plaza 3, 2000 Argentia Rd Suite# 400, Mississauga, ON L5N 1V9, Canada",(437) 552-5326,4.9,32,,https://mississaugainsider.ca/directory/trades/team-cleaning-ube9f8/,ChIJNbi-m3ZrK4gRr71eHC2YA3Q,no,
Adria Professional Cleaning Solutions,Trades & Home Services,Cleaning Services,"400 Bloor St, Mississauga, ON L5A 3M8, Canada",(647) 774-6762,4.9,30,https://www.adriadalmatia.com/,https://mississaugainsider.ca/directory/trades/adria-professional-cleaning-solutions-p0czpm/,ChIJ9ckxk_hHK4gRA5j1ffTPL3M,no,
MKS Cleaning Solutions,Trades & Home Services,Cleaning Services,"3344 Colonial Dr, Mississauga, ON L5L 5A6, Canada",(647) 932-4760,4.9,30,https://mkscleaningsolutions.ca/mississauga/,https://mississaugainsider.ca/directory/trades/mks-cleaning-solutions-fd21qm/,ChIJMajNXDRvkacRLiB7xP-_PK8,no,
The Maple Cleaning,Trades & Home Services,Cleaning Services,"7454 Airport Rd Unit 203, Mississauga, ON L4T 2H5, Canada",(647) 286-0077,4.9,27,,https://mississaugainsider.ca/directory/trades/the-maple-cleaning-bn8q7h/,ChIJK7ERI5U9K4gRgcupHgLJkPI,no,
The Cleaning Expert,Trades & Home Services,Cleaning Services,"50 Burnhamthorpe Rd W Suite 53, Mississauga, ON L5B 3C2, Canada",(647) 699-7165,4.9,23,http://thecleaningexpert.ca/,https://mississaugainsider.ca/directory/trades/the-cleaning-expert-6jdlkr/,ChIJyXvELDnLb48R8rWRQdNYkW0,no,
The Cleaning Authority,Trades & Home Services,Cleaning Services,"5915 Wallace St, Mississauga, ON L4Z 1Z8, Canada",(905) 614-2440,4.8,496,https://www.thecleaningauthority.ca/mississauga,https://mississaugainsider.ca/directory/trades/the-cleaning-authority-r1na6y/,ChIJbVGL759AK4gRWDAVSwOepXw,no,
SeeyonClean Mississauga,Trades & Home Services,Cleaning Services,"4310 Sherwoodtowne Blvd Unit-108a, Mississauga, ON L4Z 2G6, Canada",(289) 801-7414,4.8,59,https://seeyonclean.com/pages/mississauga-house-cleaning,https://mississaugainsider.ca/directory/trades/seeyonclean-mississauga-vbua8i/,ChIJC-Z5E0dBK4gRcUMk2UMjaXA,no,
No More Chores of Mississauga Cleaning,Trades & Home Services,Cleaning Services,"2000 The Collegeway, 27Mississauga, ON L5L 5Y9, Canada",(647) 797-1617,4.8,45,https://www.nomorechores.com/peel/cleaning-services-in-mississauga/,https://mississaugainsider.ca/directory/trades/no-more-chores-of-mississauga-cleaning-rg5s50/,ChIJKUePehlEK4gRuH9_KRpUVgU,no,
Maid Your Way,Trades & Home Services,Cleaning Services,"4323 Trailmaster Dr, Mississauga, ON L5V 3C4, Canada",(647) 697-5397,4.8,37,http://www.maidyourway.ca/,https://mississaugainsider.ca/directory/trades/maid-your-way-hjwsg1/,ChIJPRL4EHk3bUQRitSfvVGMDcs,no,
Sunrise-Cleaning,Trades & Home Services,Cleaning Services,"2812 Tradewind Dr, Mississauga, ON L5N 6L1, Canada",(905) 567-1199,4.7,164,https://www.sunrise-cleaning.com/?utm_source=gmb&utm_medium=organic,https://mississaugainsider.ca/directory/trades/sunrise-cleaning-fpywol/,ChIJYUCcQvBpK4gRS5R_JYwNzlE,no,
Hellamaid Cleaning Services Mississauga,Trades & Home Services,Cleaning Services,"360 Square One Dr Unit 3112, Mississauga, ON L5B 0G7, Canada",(289) 812-8155,4.7,129,https://hellamaid.ca/house-cleaning-service-mississauga/?utm_source=gmb,https://mississaugainsider.ca/directory/trades/hellamaid-cleaning-services-mississauga-b080rh/,ChIJUWraYpZHK4gR0D1wq6UzocE,no,
Squeaky Cleaning Mississauga,Trades & Home Services,Cleaning Services,"3660 Hurontario St Ste 306, Mississauga, ON L5B 3C4, Canada",(647) 955-2394,4.7,124,https://www.squeakycleaning.ca/mississauga-cleaning,https://mississaugainsider.ca/directory/trades/squeaky-cleaning-mississauga-ktivfm/,ChIJncQXcTxHK4gRa3X1AhTataE,no,
MississaugaHouseCleaning Inc,Trades & Home Services,Cleaning Services,"Mississauga Vly Blvd, Mississauga, ON L5A 3J4, Canada",(416) 888-7402,4.7,89,https://mississaugahousecleaning.ca/,https://mississaugainsider.ca/directory/trades/mississaugahousecleaning-inc-8idl2b/,ChIJI1LrmRNHK4gRJP4w0_ax9-M,no,
New Century Maids,Trades & Home Services,Cleaning Services,"3319 Cawthra Rd, Mississauga, ON L5A 2X4, Canada",(905) 625-3260,4.6,452,https://www.newcenturymaids.ca/,https://mississaugainsider.ca/directory/trades/new-century-maids-9p58ac/,ChIJI4uymG1HK4gRS6nHR438hj4,no,
The Fresh Cleaning,Trades & Home Services,Cleaning Services,"55 Village Centre Pl, Mississauga, ON L4Z 1V9, Canada",(647) 660-9984,4.6,189,http://thefreshcleaning.com/,https://mississaugainsider.ca/directory/trades/the-fresh-cleaning-xkwqo6/,ChIJUUVLNOxHK4gRNUlqms-IdG8,no,
Merry Maids of Mississauga,Trades & Home Services,Cleaning Services,"117 Lakeshore Rd E, Mississauga, ON L5G 1E5, Canada",(365) 389-2317,4.6,121,https://merrymaids.ca/home-cleaners-mississauga-on?utm_source=google&utm_medium=organic&utm_campaign=gmb,https://mississaugainsider.ca/directory/trades/merry-maids-of-mississauga-eafc5b/,ChIJ5ahyVG1GK4gRKcbeLgTTIn8,no,
InspireClean Mississauga,Trades & Home Services,Cleaning Services,"223 Webb Dr, Mississauga, ON L5B 0E8, Canada",(905) 991-4312,4.6,22,https://inspireclean.ca/mississauga-house-cleaning-service/,https://mississaugainsider.ca/directory/trades/inspireclean-mississauga-qchpna/,ChIJyWKF1otHK4gRLwuc4XZf-rI,no,
Molly Maid Mississauga South,Trades & Home Services,Cleaning Services,"2458 Dundas St W Unit 9, Mississauga, ON L5K 1R8, Canada",(905) 288-0302,4.5,136,https://www.mollymaid.ca/locations/on/mississauga-south/,https://mississaugainsider.ca/directory/trades/molly-maid-mississauga-south-qs0foq/,ChIJ4VPyIMBDK4gRzzvIcFolFr4,no,
MOLLY MAID Mississauga North,Trades & Home Services,Cleaning Services,"6295 Mississauga Rd, Mississauga, ON L5N 1A5, Canada",(905) 813-7878,4.5,85,https://www.mollymaid.ca/locations/on/mississauga-north,https://mississaugainsider.ca/directory/trades/molly-maid-mississauga-north-3z9ara/,ChIJh6s9k9JBK4gRnJIWjYILxiw,no,
Farooq Real Estate Group,Real Estate,,"5865 McLaughlin Rd Unit 6, Mississauga, ON L5R 3V5, Canada",(647) 219-4674,5,198,https://teamfarooq.ca/,https://mississaugainsider.ca/directory/real-estate/farooq-real-estate-group-rxptlg/,ChIJq6qnT5pBK4gRFbP123NKTCM,no,
BERNARDO REAL ESTATE PROFESSIONAL GROUP,Real Estate,,"Royal Lepage Signature Realty, 30 Eglinton Ave W Suite 201, Mississauga, ON L5R 0C1, Canada",(905) 568-2121,5,184,https://www.repg.ca/,https://mississaugainsider.ca/directory/real-estate/bernardo-real-estate-professional-group-w09u73/,ChIJM0XgjDNBK4gRwQVrQQ7_-Eo,no,
Cynthia Ostos Real Estate Team,Real Estate,,"168 Queen St S Ste 106, Mississauga, ON L5M 1K8, Canada",(647) 568-4522,5,168,http://www.cynthiaostos.com/,https://mississaugainsider.ca/directory/real-estate/cynthia-ostos-real-estate-team-l2opoz/,ChIJNS1yR0ZBK4gRLeUKnOJUZjk,no,
Alves Real Estate Team,Real Estate,,"3643 Cawthra Rd #201, Mississauga, ON L5A 2Y4, Canada",(905) 848-9800,5,157,http://www.jamiealves.com/,https://mississaugainsider.ca/directory/real-estate/alves-real-estate-team-0eloso/,ChIJF1sCj21HK4gRxc3lNUaqvjk,no,
The Fresh Approach Real Estate Team,Real Estate,,"296 Queen St S, Mississauga, ON L5M 1M2, Canada",(905) 357-1700,5,152,http://thefreshapproach.ca/,https://mississaugainsider.ca/directory/real-estate/the-fresh-approach-real-estate-team-tkkb3e/,ChIJGRT6vJFqK4gRiOw3oSzDlAU,no,
Crozier Realty,Real Estate,,"103 Lakeshore Rd E, Mississauga, ON L5G 1E2, Canada",(647) 404-2418,5,146,https://crozier-realty.com/?utm_source=gbp&utm_medium=organic,https://mississaugainsider.ca/directory/real-estate/crozier-realty-iikzgc/,ChIJcbDzxYJHK4gRTZp-d7FhZOw,no,
Maple Tree Realtors,Real Estate,,"6937 Johnson Wagon Crescent, Mississauga, ON L5W 1B2, Canada",(647) 236-6841,5,146,https://www.mapletreerealtors.com/,https://mississaugainsider.ca/directory/real-estate/maple-tree-realtors-mxtyj0/,ChIJLRIm80Y_K4gRPy6iVyLCZcM,no,
Vanessa Pereira - GTA Real Estate Broker,Real Estate,,"480 Eglinton Ave W Unit 30, Mississauga, ON L5R 0G2, Canada",(416) 902-2171,5,125,https://www.pereirarealtors.ca/,https://mississaugainsider.ca/directory/real-estate/vanessa-pereira-gta-real-estate-broker-q5n60r/,ChIJfyeDPNhHK4gR6sIk2oYYJ8o,no,
Nazar Ajeely,Real Estate,,"4080 Confederation Pkwy Unit 202, Mississauga, ON L5B 0G1, Canada",(647) 975-7788,5,123,http://www.nazarajeely.com/,https://mississaugainsider.ca/directory/real-estate/nazar-ajeely-fqjd5f/,ChIJVTts2i5HK4gR5Ex5jCMh9Kg,no,
CHK Real Estate,Real Estate,,"103 Lakeshore Rd E, Mississauga, ON L5G 1E2, Canada",(416) 833-5516,5,121,https://corriehardingteam.com/?utm_source=gbp&utm_medium=organic,https://mississaugainsider.ca/directory/real-estate/chk-real-estate-8xlkcg/,ChIJ56hQSCrL1IkRCvsNNEZu1H0,no,
Najjar Real Estate Group,Real Estate,,"2575 Dundas St W, Mississauga, ON L5K 2M6, Canada",(416) 560-0874,5,120,http://www.samnajjarcares.com/,https://mississaugainsider.ca/directory/real-estate/najjar-real-estate-group-o91weq/,ChIJhd0DGLtDK4gRAOWpTVQFTjE,no,
TEAMAMAN,Real Estate,,"30 Eglinton Ave W Suit C12, Mississauga, ON L5R 0C1, Canada",(647) 280-0201,5,102,http://teamaman.ca/,https://mississaugainsider.ca/directory/real-estate/teamaman-t6uewx/,ChIJx8CfmGVBK4gRZ9mePEZmywA,no,
Damir Strk,Real Estate,,"2691 Credit Valley Rd #101, Mississauga, ON L5M 7A1, Canada",(416) 884-7925,5,101,https://damirstrk.com/,https://mississaugainsider.ca/directory/real-estate/damir-strk-045vtu/,ChIJv2SvPyNCK4gRBCVZgMUNDXQ,no,
JOE BATTAGLIA - ReMax Realty Specialists Real Estate Agent,Real Estate,,"4310 Sherwoodtowne Blvd #200, Mississauga, ON L4Z 4C4, Canada",(416) 564-6611,5,97,https://www.battagliateam.com/,https://mississaugainsider.ca/directory/real-estate/joe-battaglia-remax-realty-specialists-real-estate-agent-t6oou7/,ChIJreoPqjFHK4gRHDcADzPugz0,no,
Aleksic Realty,Real Estate,,"1374 Avonbridge Dr, Mississauga, ON L5G 3G5, Canada",(905) 824-0221,5,86,http://www.aleksicrealty.com/,https://mississaugainsider.ca/directory/real-estate/aleksic-realty-pd66cj/,ChIJN0NjADFHK4gRp4Rb-Wqu25E,no,
Team Sunny Bedi,Real Estate,,"2980 Drew Rd #118, Mississauga, ON L4T 0A7, Canada",(416) 826-6750,5,75,http://www.sunnybedi.com/,https://mississaugainsider.ca/directory/real-estate/team-sunny-bedi-o7t2qd/,ChIJS1Z8CQc8K4gRuYKUxp92Zxk,no,
Olivia Torun Team,Real Estate,,"1697 Lakeshore Rd W, Mississauga, ON L5J 1J4, Canada",(905) 855-2200,5,72,http://www.torunteam.com/,https://mississaugainsider.ca/directory/real-estate/olivia-torun-team-k27ky8/,ChIJbYFGp1xEK4gRoECRgM4P3Ko,no,
Hailey Green Realtor,Real Estate,,"2691 Credit Valley Rd #101, Mississauga, ON L5M 7A1, Canada",(289) 971-0533,5,71,http://www.haileygreen.ca/,https://mississaugainsider.ca/directory/real-estate/hailey-green-realtor-k3w27y/,ChIJtfZ4ZMxdK4gRwSvoyI_-XV4,no,
"Vetere Team , GTA Realtors",Real Estate,,"296 Queen St S, Mississauga, ON L5M 1M2, Canada",(416) 909-5517,5,68,https://vetereteam.ca/,https://mississaugainsider.ca/directory/real-estate/vetere-team-gta-realtors-pueggo/,ChIJoeaoOtZ7V48RMdaVFwE0N_U,no,
Vinay Thind - RE/MAX REALTY SPECIALISTS INC. BROKERAGE,Real Estate,,"1919 Britannia Rd W, Mississauga, ON L5M 1P4, Canada",(647) 914-0037,5,61,http://www.teamsinghrealty.com/,https://mississaugainsider.ca/directory/real-estate/vinay-thind-re-max-realty-specialists-inc-brokerage-c0rhhl/,ChIJ5dr5z7IVK4gR4fR00sjfByE,no,
Nouman Khalil - Broker at RE/MAX Realty Specialists Inc.,Real Estate,,"2691 Credit Valley Rd #101, Mississauga, ON L5M 7A1, Canada",(416) 841-1245,5,60,https://www.nouman.ca/,https://mississaugainsider.ca/directory/real-estate/nouman-khalil-broker-at-re-max-realty-specialists-inc-hqtpki/,ChIJ57yopVpBK4gR2hw5gdi0yto,no,
Kirk Jackson Real Estate,Real Estate,,"6948 Financial Dr, Mississauga, ON L5N 8J4, Canada",(416) 894-8776,5,60,http://www.kirkjax.com/,https://mississaugainsider.ca/directory/real-estate/kirk-jackson-real-estate-ppat4z/,ChIJcY8HWmAVK4gR9-Uuf33AvHo,no,
Sean Johnny (@movingtomississaugaon),Real Estate,,"1034 Clarkson Rd N, Mississauga, ON L5J 2K8, Canada",(905) 330-2969,5,59,https://www.youtube.com/channel/UC4NWRHhZEtipVniobyWRuNg,https://mississaugainsider.ca/directory/real-estate/sean-johnny-movingtomississaugaon-7wdks7/,ChIJhcdN9Q9FK4gRr3w-MzeorvM,no,
"Maggie Stoch, Real Estate Broker",Real Estate,,"4310 Sherwoodtowne Blvd, Mississauga, ON L4Z 4C4, Canada",(905) 624-2451,5,52,https://www.remax.ca/on/maggie-stoch-109470-ag,https://mississaugainsider.ca/directory/real-estate/maggie-stoch-real-estate-broker-d23owq/,ChIJifrjJk9HK4gRV5YnMKP0ceM,no,
Manny and Simone Singh,Real Estate,,"2650 Meadowvale Blvd Unit - 4, Mississauga, ON L5N 6M5, Canada",(416) 414-8818,5,51,https://www.homesellingteam.ca/,https://mississaugainsider.ca/directory/real-estate/manny-and-simone-singh-cvxiwl/,ChIJrzFI6c8_K4gR_-oIj2xWGAw,no,
Life West Real Estate,Real Estate,,"125 Lakeshore Rd E, Mississauga, ON L5G 1E5, Canada",(905) 609-4848,5,50,http://www.lifewest.ca/,https://mississaugainsider.ca/directory/real-estate/life-west-real-estate-jcaia2/,ChIJA8csdMNJK4gRbIeZH3ammQg,no,
Howell Real Estate Team - RE/MAX Realty Enterprises,Real Estate,,"1697 Lakeshore Rd W, Mississauga, ON L5J 1J4, Canada",(905) 855-2200,5,50,http://www.howellteam.ca/,https://mississaugainsider.ca/directory/real-estate/howell-real-estate-team-re-max-realty-enterprises-aj5rx8/,ChIJWWFbp1xEK4gRx3VrZ27RvYM,no,
"HOME AND BUSINESS REALTY, BROKERAGE",Real Estate,,"4080 Confederation Pkwy Unit 202, Mississauga, ON L5B 0G1, Canada",(905) 948-5848,5,49,http://homeandbusinessrealty.ca/,https://mississaugainsider.ca/directory/real-estate/home-and-business-realty-brokerage-byn6ym/,ChIJoTXCfBxHK4gRQW27a_bX3yY,no,
Roberto Vivas - Real Estate Agent,Real Estate,,"6948 Financial Dr, Mississauga, ON L5N 8J4, Canada",(647) 228-8482,5,49,http://www.robertovivas.com/,https://mississaugainsider.ca/directory/real-estate/roberto-vivas-real-estate-agent-m1zu6n/,ChIJP6jSA21rK4gR0YGYa8LXc4Y,no,
"Carl Schuy, Re/Max Realty Enterprises Inc.",Real Estate,,"1697 Lakeshore Rd W, Mississauga, ON L5J 1J4, Canada",(416) 948-2883,5,48,https://www.schuy.ca/,https://mississaugainsider.ca/directory/real-estate/carl-schuy-re-max-realty-enterprises-inc-jp68gx/,ChIJXcTLoFxEK4gRFqW9ZkfB8P4,no,
Jill Merry - Social Real Estate Group,Real Estate,,"125 Lakeshore Rd E, Mississauga, ON L5G 1E5, Canada",(905) 275-5455,5,47,http://askjill.ca/,https://mississaugainsider.ca/directory/real-estate/jill-merry-social-real-estate-group-fj4wpu/,ChIJGWo2rBJGK4gRoDj5UnYjYG4,no,
Julie Jones - Sales Representative & Sr. Partner -Sam McDadi Real Estate Inc.,Real Estate,,"1034 Clarkson Rd N, Mississauga, ON L5J 4P4, Canada",(416) 809-2116,5,42,,https://mississaugainsider.ca/directory/real-estate/julie-jones-sales-representative-and-sr-partner-sam-mcdadi-r-wk8hxc/,ChIJu05Q_6lFK4gREYqTYND9KOg,no,
Bourelle and Associates | Realtors with Sotheby's International Realty Canada,Real Estate,,"1741 Lakeshore Rd W, Mississauga, ON L5J 1J4, Canada",(416) 704-3439,5,42,http://www.bourelleandassociates.com/,https://mississaugainsider.ca/directory/real-estate/bourelle-and-associates-realtors-with-sotheby-s-internationa-o8y3mp/,ChIJwbpc_XJGK4gRzVZlejuTuYE,no,
Daniel Team,Real Estate,,"2150 Hurontario St, Mississauga, ON L5B 1M8, Canada",(416) 456-9533,5,42,http://www.danielteam.ca/1728.aspx,https://mississaugainsider.ca/directory/real-estate/daniel-team-s7hqq4/,ChIJ822x6lhGK4gR14mRPli4xEw,no,
Kamran Alvi - Real Estate Broker,Real Estate,,"7070 St Barbara Blvd #36, Mississauga, ON L5W 0E6, Canada",(416) 917-2755,5,40,http://www.kamranalvi.com/,https://mississaugainsider.ca/directory/real-estate/kamran-alvi-real-estate-broker-kajl32/,ChIJHbTscro_K4gRilaRtIYTCVg,no,
ZEENAT HOMES,Real Estate,,"3069 Merritt Ave, Mississauga, ON L4T 1N9, Canada",(416) 252-6336,5,37,,https://mississaugainsider.ca/directory/real-estate/zeenat-homes-0e1o17/,ChIJX8tTu0k7K4gRobGb_waSONc,no,
SH Real Estate Team,Real Estate,,"30 Eglinton Ave W #201, Mississauga, ON L5R 3E7, Canada",(647) 981-6246,5,36,https://sh-realestate.ca/,https://mississaugainsider.ca/directory/real-estate/sh-real-estate-team-h9k77c/,ChIJ078PSmxBK4gRn68VFi_Y76w,no,
"Holly Garratt, real estate sales representative, Re/Max Enterprises",Real Estate,,"125 Lakeshore Rd E, Mississauga, ON L6J 1H3, Canada",(647) 204-9542,5,36,,https://mississaugainsider.ca/directory/real-estate/holly-garratt-real-estate-sales-representative-re-max-enterp-iotbgi/,ChIJjd27135HK4gRzhrD-RdCEjY,no,
"Michael Holder at RE/MAX Realty Enterprises Inc., Brokerage",Real Estate,,"125 Lakeshore Rd E, Mississauga, ON L5G 1E5, Canada",(647) 545-8587,5,36,http://www.searchhousesingta.com/,https://mississaugainsider.ca/directory/real-estate/michael-holder-at-re-max-realty-enterprises-inc-brokerage-vlh5s0/,ChIJGWo2rBJGK4gRy5RA2kxtuhM,no,
Irina Shuldiner Real Estate,Real Estate,,"201 City Centre Dr, Mississauga, ON L5B 3A3, Canada",(905) 277-2000,5,36,http://www.househunterbuddy.com/,https://mississaugainsider.ca/directory/real-estate/irina-shuldiner-real-estate-ij7tqb/,ChIJEzeGs-9HK4gRBWpRTplXXEI,no,
"David Mosley, Real Estate Broker",Real Estate,,"111 Queen St S Unit 1, Mississauga, ON L5M 1K7, Canada",(416) 346-4955,5,34,http://www.davidmosley.com/,https://mississaugainsider.ca/directory/real-estate/david-mosley-real-estate-broker-yzdetb/,ChIJEWwuuJtqK4gR9AVGP76-NuY,no,
Vanessa Rosati Real Estate,Real Estate,,"111 Queen St S, Mississauga, ON L5M 1K7, Canada",(647) 868-3712,5,34,http://www.vanessarosati.com/,https://mississaugainsider.ca/directory/real-estate/vanessa-rosati-real-estate-xo9w4m/,ChIJkWy_DspBK4gRMgXqGEM3BIQ,no,
@MikeNasaBroker - Streetsville - RE/MAX Realty Specialists Inc,Real Estate,,"204 Queen St S #102, Mississauga, ON L5M 1L3, Canada",,5,34,http://mikenasabroker.com/,https://mississaugainsider.ca/directory/real-estate/mikenasabroker-streetsville-re-max-realty-specialists-inc-jpp71y/,ChIJ7zyiXx1BK4gRRHUGmAi_TGY,no,
Jeffrey Vella,Real Estate,,"#200, 33 Pearl St, Mississauga, ON L5M 1X1, Canada",(416) 592-0498,5,33,http://www.searchesforhomes.ca/,https://mississaugainsider.ca/directory/real-estate/jeffrey-vella-5z7ent/,ChIJ5y9bBEhBK4gRktj_zka9D7w,no,
Condos for sale in Mississauga | Condo Point,Real Estate,,"#200, 33 Pearl St, Mississauga, ON L5M 1X1, Canada",(416) 318-3766,5,33,https://condopoint.ca/,https://mississaugainsider.ca/directory/real-estate/condos-for-sale-in-mississauga-condo-point-hfg2aa/,ChIJZSx8kQVBK4gR6jfHY8qDbHE,no,
Mary Spudic Real Estate Broker - RE/MAX Realty Enterprises Inc. Brokerage,Real Estate,,"1697 Lakeshore Rd W, Mississauga, ON L5J 1J4, Canada",(905) 855-2200,5,33,http://maryspudic.com/,https://mississaugainsider.ca/directory/real-estate/mary-spudic-real-estate-broker-re-max-realty-enterprises-inc-kf1g5f/,ChIJ9dJOMu1FK4gRFewM-v8h8UU,no,
"Scott Brubacher, Broker - Royal LePage Meadowtowne Realty Brokerage",Real Estate,,"6948 Financial Dr, Mississauga, ON L5N 8J4, Canada",(905) 821-3200,5,30,http://mississaugahomesdaily.com/,https://mississaugainsider.ca/directory/real-estate/scott-brubacher-broker-royal-lepage-meadowtowne-realty-broke-cl45ea/,ChIJAXN0QJpqK4gRjrM_PNssmIs,no,
Andrew Chaudhry- Royal LePage Real Estate Agent,Real Estate,,"2520 Eglinton Ave W #207, Mississauga, ON L5M 0Y4, Canada",(905) 783-9211,5,29,https://www.andrewchaudhryrealtor.com/,https://mississaugainsider.ca/directory/real-estate/andrew-chaudhry-royal-lepage-real-estate-agent-g6o4xf/,ChIJ8YAhTyjCVwMRMQKQKP1rDG8,no,
"Royal LePage Certified Realty, Mississauga",Real Estate,,"5618 Tenth Line W Unit 8 & 9, Mississauga, ON L5M 7L9, Canada",(905) 858-0000,5,28,https://rlpcertified.ca/,https://mississaugainsider.ca/directory/real-estate/royal-lepage-certified-realty-mississauga-qaxd6x/,ChIJq-1DGgprK4gRsEZ3FlL4VzQ,no,
dionne BAPTISTE,Real Estate,,"95 Queen St S, Mississauga, ON L5M 1K7, Canada",(416) 414-8847,5,27,http://www.dionnebaptiste.com/,https://mississaugainsider.ca/directory/real-estate/dionne-baptiste-u59eff/,ChIJPViJNqdBK4gRKLPQ4xC3b34,no,
Banasco Real Estate Team Re/Max Realty Enterprises Inc.,Real Estate,,"1697 Lakeshore Rd W, Mississauga, ON L5N 4J9, Canada",(416) 998-6033,5,25,http://www.weknowproperties.ca/,https://mississaugainsider.ca/directory/real-estate/banasco-real-estate-team-re-max-realty-enterprises-inc-pr0qpc/,ChIJ_aRUrmNqK4gRUTpF3aWtz6I,no,
David Ding : Royal LePage Real Estate Services,Real Estate,,"2520 Eglinton Ave W #207, Mississauga, ON L5M 6J3, Canada",(416) 728-7810,5,24,http://www.davidding.ca/,https://mississaugainsider.ca/directory/real-estate/david-ding-royal-lepage-real-estate-services-nbombg/,ChIJBQ8NfdlDK4gR55cV7gKvyJ0,no,
Joy Sidana - Royal LePage,Real Estate,,"5055 Plantation Pl, Mississauga, ON L5M 6J3, Canada",(647) 532-1251,5,23,,https://mississaugainsider.ca/directory/real-estate/joy-sidana-royal-lepage-v3th34/,ChIJabhl4uZDK4gRW65HIQNQQ7M,no,
Homelife 247 Realty,Real Estate,,"400-2000 Argentia Road plaza, 3, Mississauga, ON L5N 1V9, Canada",(905) 858-1999,5,22,http://homelife247realty.com/,https://mississaugainsider.ca/directory/real-estate/homelife-247-realty-do6dka/,ChIJraqqs4w_K4gRApkT6P-C7G4,no,
Canavan Real Estate Group - RE/MAX Realty Specialists Inc.,Real Estate,,"2691 Credit Valley Rd #101, Mississauga, ON L5M 7A1, Canada",(416) 697-0423,5,21,http://www.canavanrealestategroup.ca/,https://mississaugainsider.ca/directory/real-estate/canavan-real-estate-group-re-max-realty-specialists-inc-1i48so/,ChIJNbbc4f9DK4gRLZJoCsqOFvE,no,
Gazal Bansal - Brampton/Mississauga Top RatedAgent,Real Estate,,"2960 Drew Rd #143, Mississauga, ON L4T 0A5, Canada",(416) 276-1416,5,19,http://www.gazalbansal.ca/,https://mississaugainsider.ca/directory/real-estate/gazal-bansal-brampton-mississauga-top-ratedagent-u7simv/,ChIJ3c95OH49K4gRSMEjZoWTbwA,no,
TheAkRealty,Real Estate,,"2520 Eglinton Ave W #207, Mississauga, ON L5M 0Y4, Canada",(647) 339-0651,5,16,https://theakrealty.com/,https://mississaugainsider.ca/directory/real-estate/theakrealty-hwfloe/,ChIJc2L--3tBK4gR5eZ_u0TKA68,no,
Harminder Singh Makkar - Real Estate Broker,Real Estate,,"2980 Drew Rd Unit 231, Mississauga, ON L4T 0A7, Canada",(647) 985-4849,5,16,http://harmindermakkar.com/,https://mississaugainsider.ca/directory/real-estate/harminder-singh-makkar-real-estate-broker-x9fs2y/,ChIJ_aRUrmNqK4gRo8jxJudg7Zo,no,
Realty Pros Real Estate Brokerage,Real Estate,,"168 Queen St S Suite 213, Mississauga, ON L5M 1K8, Canada",(905) 454-7767,5,15,http://www.realtypros.ca/,https://mississaugainsider.ca/directory/real-estate/realty-pros-real-estate-brokerage-aet4eg/,ChIJ06lTYx-DCQYRR5CPs1pdRLU,no,
Kiran Deep Real Estate,Real Estate,,"268 Derry Rd W, Mississauga, ON L5W 0H6, Canada",(647) 779-9484,5,15,https://kirandeep.remaxrecentre.ca/,https://mississaugainsider.ca/directory/real-estate/kiran-deep-real-estate-mn2ydb/,ChIJL4RjIVqsdYgRwy4jBZKzVFc,no,
Drohan Real Estate Group,Real Estate,,"111 Queen St S Unit 1, Mississauga, ON L5M 1K7, Canada",(647) 201-8446,5,14,http://www.drohanrealestate.com/,https://mississaugainsider.ca/directory/real-estate/drohan-real-estate-group-wasgrr/,ChIJW8pnUphBK4gRjdfGuI8_sAY,no,
KASSNS REAL ESTATE LTD.,Real Estate,,"2338 Hurontario St #215, Mississauga, ON L5B 1N1, Canada",(905) 744-8264,5,14,http://www.kassns.ca/,https://mississaugainsider.ca/directory/real-estate/kassns-real-estate-ltd-pn8ksz/,ChIJgUqZMd4tO4gReNitnFuiHtc,no,
One Percent Realty,Real Estate,,"34 Lakeshore Rd E, Mississauga, ON L5G 1C8, Canada",(647) 990-2941,5,13,https://www.tonykeith.ca/,https://mississaugainsider.ca/directory/real-estate/one-percent-realty-pccr4l/,ChIJEVTpshJGK4gRBWO88g9mW1I,no,
Harman Sidhu (Team Sidhu) real estate agent GTA,Real Estate,,"2985 Drew Rd #117, Mississauga, ON L4T 0A7, Canada",(647) 519-2429,5,13,http://sidhurealtygroup.com/,https://mississaugainsider.ca/directory/real-estate/harman-sidhu-team-sidhu-real-estate-agent-gta-bjedge/,ChIJ_wPcKZI9K4gROGATXC6dKZU,no,
Will French | Royal LePage Real Estate Associates,Real Estate,,"103 Lakeshore Rd E, Mississauga, ON L5G 1E2, Canada",(647) 535-9455,5,12,http://www.corriehardingteam.com/,https://mississaugainsider.ca/directory/real-estate/will-french-royal-lepage-real-estate-associates-xs8phj/,ChIJ2asC2U1HK4gRnpXga10GsQ0,no,
Broker Tony Ning,Real Estate,,"2579 Hurontario St, Mississauga, ON L5A 1W2, Canada",(416) 937-0648,5,12,https://broker-tony-ning.ueniweb.com/,https://mississaugainsider.ca/directory/real-estate/broker-tony-ning-i8ca9n/,ChIJydfzi3NBK4gRD_ayFZgRMZQ,no,
HomeLife Dream Realty,Real Estate,,"2579 Hurontario St 2nd Floor, Mississauga, ON L5A 1W2, Canada",(416) 993-5323,5,11,,https://mississaugainsider.ca/directory/real-estate/homelife-dream-realty-ky2dlm/,ChIJvU9BiLdHK4gRyzSQX9np04I,no,
"RE/MAX REALTY ENTERPRISES INC, Port Credit, Mineola & Lakeview Branch",Real Estate,,"125 Lakeshore Rd E B, Mississauga, ON L5G 1E5, Canada",(905) 278-3500,5,8,https://www.remaxenterprises.com/,https://mississaugainsider.ca/directory/real-estate/re-max-realty-enterprises-inc-port-credit-mineola-and-lakevi-em7hic/,ChIJu2yvrRJGK4gRaSzGXd22ADc,no,
"Maryam Amin Sales Representative :Royal LePage Terrequity Realty, Brokerage",Real Estate,,"95 Queen St S Unit A, Mississauga, ON L5M 1K7, Canada",(416) 858-6112,5,8,http://realestatewithmaryam.ca/,https://mississaugainsider.ca/directory/real-estate/maryam-amin-sales-representative-royal-lepage-terrequity-rea-yixmbe/,ChIJ0y-1BbhBK4gR_11GmVec-vs,no,
John Defreitas Real estate,Real Estate,,"#200, 33 Pearl St, Mississauga, ON L5M 1X1, Canada",(647) 228-3214,5,7,http://www.johndefreitasrealestate.com/,https://mississaugainsider.ca/directory/real-estate/john-defreitas-real-estate-2bqqp4/,ChIJR2iWvZRBK4gRbNy_bG06g7Q,no,
CITYGATE Realty,Real Estate,,"168 Queen St S #216, Mississauga, ON L5M 1K8, Canada",(905) 232-8006,5,3,http://www.citygaterealty.ca/,https://mississaugainsider.ca/directory/real-estate/citygate-realty-wnq4w7/,ChIJkfs6zSVHK4gR7SBJLEauBng,no,
"Vinod Sharma, Real Estate Broker – Royal LePage Certified Realty",Real Estate,,"50 Burnhamthorpe Rd W, Mississauga, ON L5B 3C2, Canada",(905) 858-0000,5,3,http://www.vinodsharma.ca/,https://mississaugainsider.ca/directory/real-estate/vinod-sharma-real-estate-broker-royal-lepage-certified-realt-3bseed/,ChIJl0c5KSRHK4gRDNKhnb2iO_U,no,
"Owais Ghani, Royal Lepage Certified Realty ., BROKERAGE",Real Estate,,"245 Queen St S, Mississauga, ON L5V 0B5, Canada",(416) 882-9090,5,2,http://gtanewhomesforsale.com/,https://mississaugainsider.ca/directory/real-estate/owais-ghani-royal-lepage-certified-realty-brokerage-41rbav/,ChIJqarqeKJAK4gRMPNlodLqaZQ,no,
Mississauga Real Estate,Real Estate,,"2520 Eglinton Ave W #207, Mississauga, ON L5M 0Y4, Canada",(416) 617-1219,5,1,,https://mississaugainsider.ca/directory/real-estate/mississauga-real-estate-wkyy7o/,ChIJZ3-5d-5DK4gRM_j2h50kCMs,no,
Mississauga Real Estate: Cynthia Shaw,Real Estate,,"1673 Lakeshore Rd W, Mississauga, ON L5J 1J4, Canada",(905) 822-5000,5,1,http://www.mississauga-properties.ca/,https://mississaugainsider.ca/directory/real-estate/mississauga-real-estate-cynthia-shaw-7zwpcl/,ChIJ5xeOSltEK4gRxi2snKxwAVI,no,
Get Home Realty,Real Estate,,"218 Export Blvd Ste 101, Mississauga, ON L5S 0A7, Canada",(905) 565-9933,4.9,392,http://www.gethomerealty.ca/,https://mississaugainsider.ca/directory/real-estate/get-home-realty-49nlq2/,ChIJt2zSsOA0K4gRBaCjEv6H9Ag,no,
The Papousek Team,Real Estate,,"80 Port St E e, Mississauga, ON L5G 4V6, Canada",(905) 990-5500,4.9,266,http://ppreteam.com/?utm_source=gbp&utm_medium=organic,https://mississaugainsider.ca/directory/real-estate/the-papousek-team-skzk6t/,ChIJH0NRrBJGK4gRSSBwouCHDL0,no,
Ameil Gill The Gill Team,Real Estate,,"1140 Burnhamthorpe Rd W Ste 141, Mississauga, ON L5C 0A3, Canada",(416) 884-1359,4.9,200,http://www.thegillteam.ca/,https://mississaugainsider.ca/directory/real-estate/ameil-gill-the-gill-team-oqbmje/,ChIJm2A-KiRHK4gRAUnWoZjAUTw,no,
"Larose Team - Royal Lepage Real Estate Associates Larose Team, Brokerage",Real Estate,,"103 Lakeshore Rd E, Mississauga, ON L5G 1E2, Canada",(905) 278-7355,4.9,178,http://www.laroseteam.com/,https://mississaugainsider.ca/directory/real-estate/larose-team-royal-lepage-real-estate-associates-larose-team--fo3wrk/,ChIJH-4wr3JGK4gR4MpCWcdhuHo,no,
The Hanlon Real Estate Team,Real Estate,,"7145 W Credit Ave #100, Mississauga, ON L5N 6J7, Canada",(905) 271-5141,4.9,157,http://www.thehanlonteam.com/,https://mississaugainsider.ca/directory/real-estate/the-hanlon-real-estate-team-81vgkh/,ChIJNS1yR0ZBK4gRrYuLld-4Pto,no,
"Khoulani Real Estate Group Inc., Brokerage",Real Estate,,"325 Central Pkwy W #35, Mississauga, ON L5B 3X9, Canada",(905) 272-9999,4.9,152,http://www.khoulani.com/,https://mississaugainsider.ca/directory/real-estate/khoulani-real-estate-group-inc-brokerage-p076qe/,ChIJNS1yR0ZBK4gRCvj7Zg-2TBc,no,
Everest Realty Ltd. Brokerage,Real Estate,,"735 Twain Ave Unit 2, Mississauga, ON L5W 1X1, Canada",(905) 956-4449,4.9,149,https://www.everesthomes.ca/,https://mississaugainsider.ca/directory/real-estate/everest-realty-ltd-brokerage-6oli5p/,ChIJ2ZleVvc_K4gRlM03PpdhV5k,no,
Phinney Real Estate,Real Estate,,"169 Lakeshore Rd W, Mississauga, ON L5H 1G3, Canada",(905) 466-8888,4.9,140,http://phinneyrealestate.com/?utm_source=google&utm_medium=organic&utm_campaign=Google+My+Business&utm_content=website,https://mississaugainsider.ca/directory/real-estate/phinney-real-estate-e0dc2c/,ChIJmVAnkXZGK4gRhHTiqK1aZ6Y,no,
RE/MAX Success Realty Brokerage,Real Estate,,"755 Queensway E Ste 207, Mississauga, ON L4Y 4C5, Canada",(905) 209-7400,4.9,139,https://remaxsuccessrealty.ca/,https://mississaugainsider.ca/directory/real-estate/re-max-success-realty-brokerage-i8nmpb/,ChIJ8VqHm_ksK4gRE3DDK66tiGM,no,
Vinod Bansal - Top Real Estate Agent Mississauga,Real Estate,,"2960 Drew Rd #143, Mississauga, ON L4T 0A5, Canada",(647) 990-7300,4.9,133,http://www.vinodbansal.com/,https://mississaugainsider.ca/directory/real-estate/vinod-bansal-top-real-estate-agent-mississauga-pqxvk8/,ChIJcRu1cxM9K4gR80vwrzvW5Lg,no,
"Team Kalia, Realtors - REMAX Real Estate Centre Inc.",Real Estate,,"1140 Burnhamthorpe Rd W Ste 141, Mississauga, ON L5C 4E9, Canada",(905) 339-5111,4.9,122,https://www.realestate-ontario.com/,https://mississaugainsider.ca/directory/real-estate/team-kalia-realtors-remax-real-estate-centre-inc-uxp4lp/,ChIJqRmgOChHK4gRwn_o8dCrwrs,no,
"Royal LePage Realty Centre, Brokerage - Phil Mercurio Mr Erindale",Real Estate,,"2150 Hurontario St, Mississauga, ON L5B 1M8, Canada",(416) 253-0066,4.9,116,http://mrerindale.com/,https://mississaugainsider.ca/directory/real-estate/royal-lepage-realty-centre-brokerage-phil-mercurio-mr-erinda-xq8rpm/,ChIJAwBQlVhGK4gRzI3Orn246o4,no,
Luna Faisal,Real Estate,,"30 Eglinton Ave W #201, Mississauga, ON L5R 3E7, Canada",(647) 823-6505,4.9,107,http://www.lunafaisal.com/,https://mississaugainsider.ca/directory/real-estate/luna-faisal-fx3x6c/,ChIJaxJQhDxBK4gRdkVLd8ilw2A,no,
Lara Group Real Estate | South Etobicoke Real Estate Agents,Real Estate,,"103 Lakeshore Rd E, Mississauga, ON L5G 1E2, Canada",(416) 572-9500,4.9,75,https://laragroup.ca/?utm_source=googlebusiness&utm_medium=organic,https://mississaugainsider.ca/directory/real-estate/lara-group-real-estate-south-etobicoke-real-estate-agents-xz32y1/,ChIJiSUCobtHK4gRo3dgsUQSN98,no,
"Dina Elghandour, Real estate Broker",Real Estate,,"Royal LePage Certified Realty, 5618 Tenth Line W #9, Mississauga, ON L5M 7L9, Canada",(905) 462-2406,4.9,61,,https://mississaugainsider.ca/directory/real-estate/dina-elghandour-real-estate-broker-kr4grn/,ChIJ_6kBBshvK4gR5mp5GKlewTA,no,
The Village Guru,Real Estate,,"186 Robert Speck Pkwy, Mississauga, ON L4Z 3G1, Canada",(905) 896-4622,4.9,60,http://www.thevillageguru.com/,https://mississaugainsider.ca/directory/real-estate/the-village-guru-hq5g06/,ChIJ1TjNrzxHK4gRx-WSMDJUFH4,no,
Marco Pedri,Real Estate,,"92 Lakeshore Rd E Unit 215, Mississauga, ON L5G 4S2, Canada",(647) 920-1314,4.9,58,https://marcopedri.com/mississauga/real-estate-agent/,https://mississaugainsider.ca/directory/real-estate/marco-pedri-63ph8d/,ChIJHbcScqdHK4gRDfDTrb5LiNQ,no,
Raj Sidhu Re/Max,Real Estate,,"2980 Drew Rd Unit 231, Mississauga, ON L4T 0A4, Canada",(647) 299-8103,4.9,58,http://www.sidhusellsgta.com/,https://mississaugainsider.ca/directory/real-estate/raj-sidhu-re-max-b1nw8h/,ChIJhbob_OU9K4gRYzCdBqbbQ5A,no,
YOUSEF GUIRGIS REAL ESTATE,Real Estate,,"4310 Sherwoodtowne Blvd, Mississauga, ON L4Z 4C4, Canada",(416) 602-4524,4.9,56,http://soldbyyousef.com/,https://mississaugainsider.ca/directory/real-estate/yousef-guirgis-real-estate-8t5la5/,ChIJOwcH835HK4gRvbGELH3fDls,no,
Derek St. Jean Real Estate,Real Estate,,"103 Lakeshore Rd E, Mississauga, ON L5G 1E2, Canada",(647) 988-7975,4.9,42,http://www.getmeahome.ca/,https://mississaugainsider.ca/directory/real-estate/derek-st-jean-real-estate-ha5n5v/,ChIJBaVADVBHK4gRIYyUF2mmtq4,no,
Tham Team Realty,Real Estate,,"Keller Williams Real Estate Associates, 103 Lakeshore Rd E, Mississauga, ON L5G 1E2, Canada",(905) 278-8866,4.9,41,http://thamteam.com/,https://mississaugainsider.ca/directory/real-estate/tham-team-realty-2kfogi/,ChIJmRlc_VdHK4gRXQfPuOmAMQ8,no,
Corona Group Realty,Real Estate,,"2520 Eglinton Ave W, Mississauga, ON L5M 6J3, Canada",(416) 500-9348,4.9,35,https://coronagrp.ca/,https://mississaugainsider.ca/directory/real-estate/corona-group-realty-ea5e0w/,ChIJTa35_xdBK4gRIy5e3ke4Ox0,no,
Randy Selzer - Real Estate Agent,Real Estate,,"#200, 33 Pearl St, Mississauga, ON L5M 1X1, Canada",(416) 433-3556,4.9,22,https://www.randyselzer.com/,https://mississaugainsider.ca/directory/real-estate/randy-selzer-real-estate-agent-v301od/,ChIJ5y9bBEhBK4gRhGO4mNxEeSA,no,
Team Arora Realty,Real Estate,,"268 Derry Rd W Unit 101, Mississauga, ON L5W 0H6, Canada",(416) 910-8923,4.8,442,https://www.teamarora.com/,https://mississaugainsider.ca/directory/real-estate/team-arora-realty-1jd2m7/,ChIJhQDDb1E_K4gRxAf_iT9J6VI,no,
New Era Real Estate,Real Estate,,"171 Lakeshore Rd E, Mississauga, ON L5G 4T9, Canada",(416) 508-9929,4.8,326,http://newerarealestate.ca/,https://mississaugainsider.ca/directory/real-estate/new-era-real-estate-5rd4fu/,ChIJVVUlTeA0K4gR-y-Vf_Z6wEc,no,
Grey Method - Mississauga,Health & Wellness,,"592 Rathburn Rd W, Mississauga, ON L5B 3A4, Canada",(289) 444-0505,5,718,https://www.greymethod.ca/,https://mississaugainsider.ca/directory/health/grey-method-mississauga-o6zeqm/,ChIJXacOYJdBK4gRC6RpIUcV0X4,no,
"Curezone Physiotherapy | Erin Mills, Mississauga",Health & Wellness,,"3480 Platinum Dr #99, Mississauga, ON L5M 2S4, Canada",(905) 997-4333,5,593,https://curezonephysiotherapy.com/,https://mississaugainsider.ca/directory/health/curezone-physiotherapy-erin-mills-mississauga-iox27a/,ChIJVbD6rW1DK4gRIF1uEX0ee9s,no,
Art of Mobility,Health & Wellness,,"125 Lakeshore Rd E #202, Mississauga, ON L5G 1E5, Canada",(647) 493-9876,5,481,https://artofmobility.com/mississauga/?utm_source=GMB&utm_medium=Organic&utm_campaign=GMBProfile,https://mississaugainsider.ca/directory/health/art-of-mobility-w0z137/,ChIJgwfItqVHK4gR-tQ0bTBGnkY,no,
OAK Physio & Wellness,Health & Wellness,,"1 City Centre Dr suite 120, Mississauga, ON L5B 1M2, Canada",(289) 814-1918,5,479,https://oakphysiowellness.ca/mississauga/,https://mississaugainsider.ca/directory/health/oak-physio-and-wellness-hiv06g/,ChIJOfRickZHK4gR25RVuSpjgEc,no,
MUV Therapy Physio & Sports Medicine,Health & Wellness,,"15 Main St, Mississauga, ON L5M 1X4, Canada",(365) 655-8225,5,399,https://muvtherapy.ca/,https://mississaugainsider.ca/directory/health/muv-therapy-physio-and-sports-medicine-2ty73b/,ChIJKTl5UQ9BK4gRBPn-Ke49ivQ,no,
Credit River Dental Centre - Port Credit,Health & Wellness,,"114 Lakeshore Rd E #3, Mississauga, ON L5G 1E4, Canada",(905) 278-4297,5,325,https://creditriverdental.com/,https://mississaugainsider.ca/directory/health/credit-river-dental-centre-port-credit-p71pd9/,ChIJbUdsUm1GK4gRlSMMqgN0v44,no,
Rehab Collective,Health & Wellness,,"2170 Dunwin Dr Unit #7, Mississauga, ON L5L 5M8, Canada",(437) 880-4536,5,257,https://rehabcollective.ca/,https://mississaugainsider.ca/directory/health/rehab-collective-da95ds/,ChIJTQXx5iRDK4gRXNiNJZzKNJU,no,
Project Health & Performance,Health & Wellness,,"1865 Lakeshore Rd W, Mississauga, ON L5J 4P1, Canada",(647) 361-7722,5,207,http://projecthp.ca/,https://mississaugainsider.ca/directory/health/project-health-and-performance-q03c5f/,ChIJtR3uPl5EK4gRPECeB5Vxegw,no,
Clarkson Medical Arts Centre,Health & Wellness,,"1020 Johnsons Ln a6, Mississauga, ON L5J 2P7, Canada",(905) 855-0988,5,172,http://www.clarksonmedicalarts.com/,https://mississaugainsider.ca/directory/health/clarkson-medical-arts-centre-4y58uh/,ChIJbVcJx0VEK4gRuGaPYkVWAUM,no,
Lorne Park Integrated Health,Health & Wellness,,"1150 Lorne Park Rd #12, Mississauga, ON L5H 3A5, Canada",(905) 891-2288,5,169,https://www.lorneparkchiropractic.com/,https://mississaugainsider.ca/directory/health/lorne-park-integrated-health-xihntf/,ChIJ740gZTdEK4gRYC-pa4CBRk4,no,
Mississauga Road Physiotherapy Clinic,Health & Wellness,,"128 Queen St S #8, Mississauga, ON L5M 1K8, Canada",(905) 813-9894,5,158,https://www.mississaugardphysio.ca/,https://mississaugainsider.ca/directory/health/mississauga-road-physiotherapy-clinic-hd2ulu/,ChIJFw0vx99BK4gRE9e-c0tvzv4,no,
Pro-Med Rehabilitation Centre,Health & Wellness,,"3034 Palstan Rd Unit 205, Mississauga, ON L4Y 2Z6, Canada",(905) 275-5656,5,158,https://promedrehabilitation.com/,https://mississaugainsider.ca/directory/health/pro-med-rehabilitation-centre-t1av2q/,ChIJ_6hK8JZHK4gRKiSHkr7eVwo,no,
Port Credit Smiles,Health & Wellness,,"150 Lakeshore Rd W #102, Mississauga, ON L5H 3R2, Canada",(905) 274-4151,5,140,http://www.portcreditsmiles.ca/,https://mississaugainsider.ca/directory/health/port-credit-smiles-ch0fhk/,ChIJUalqunZGK4gRzFKn8whUp_c,no,
Therapic Physiotherapy Clinic - Clarkson - Mississauga,Health & Wellness,,"1020 Johnsons Ln a2, Mississauga, ON L5J 2P7, Canada",(905) 301-3808,5,130,https://www.therapic.ca/physiotherapy-in-clarkson-mississauga,https://mississaugainsider.ca/directory/health/therapic-physiotherapy-clinic-clarkson-mississauga-ieoo4d/,ChIJAVQ_cn6bLIgR5ba1zJ1u3m0,no,
In Path Dental - Inclusive & Integrative Care,Health & Wellness,,"1744 Lakeshore Rd W Unit 2, Mississauga, ON L5J 4N8, Canada",(905) 855-9111,5,122,http://www.inpathdental.com/,https://mississaugainsider.ca/directory/health/in-path-dental-inclusive-and-integrative-care-zhomr3/,ChIJvc-4_A1FK4gRnmbZ0OqFxpw,no,
Rishaan Physio & Wellness Clinic,Health & Wellness,,"5105 Hurontario St Unit No 7, Mississauga, ON L4Z 0C9, Canada",(905) 800-1661,5,107,https://rishaanphysio.com/,https://mississaugainsider.ca/directory/health/rishaan-physio-and-wellness-clinic-ykjwx4/,ChIJL6yOdnBBK4gRK5vhjzkxZJU,no,
Pure Physiotherapy,Health & Wellness,,"1136 Lorne Park Rd, Mississauga, ON L5H 3C8, Canada",(905) 891-7873,5,105,http://www.purephysio.ca/,https://mississaugainsider.ca/directory/health/pure-physiotherapy-rh1o2q/,ChIJMWYz-nNGK4gR7yUhzxL6TkU,no,
Cornerstone Physiotherapy - Port Credit,Health & Wellness,,"215 Lakeshore Rd W Unit 9, Mississauga, ON L5H 0A7, Canada",(416) 847-5057,5,98,https://cornerstonephysio.com/locations/port-credit/,https://mississaugainsider.ca/directory/health/cornerstone-physiotherapy-port-credit-1havym/,ChIJcXVagS5HK4gRwGaJ2NxGiMo,no,
Total Wellness Clinic,Health & Wellness,,"1 Glenn Hawthorne Blvd Unit 4, Mississauga, ON L5R 4J9, Canada",(905) 502-9444,5,59,https://totalwellnessclinics.ca/,https://mississaugainsider.ca/directory/health/total-wellness-clinic-g128oa/,ChIJryl1oH1BK4gRTVF2Pf1VbBc,no,
Physio Rehab Clinic,Health & Wellness,,"6005 Erin Mills Pkwy Suite 105, Mississauga, ON L5N 0G5, Canada",(905) 826-8776,5,52,http://www.physiorehabclinic.ca/,https://mississaugainsider.ca/directory/health/physio-rehab-clinic-vqh1iq/,ChIJid3XngNBK4gR-wobYPRrMyY,no,
Port Credit Physio & Rehab,Health & Wellness,,"268 Lakeshore Rd E #300, Mississauga, ON L5G 1H1, Canada",(289) 497-8334,5,48,https://www.portcreditphysio.ca/,https://mississaugainsider.ca/directory/health/port-credit-physio-and-rehab-hjhva7/,ChIJd0RrsepHK4gRPrB9hYEfC2I,no,
Retrieve Physiotherapy,Health & Wellness,,"760 Lakeshore Rd E Unit 107, Mississauga, ON L5E 1C7, Canada",(289) 217-8303,5,48,https://retrievephysiotherapy.ca/,https://mississaugainsider.ca/directory/health/retrieve-physiotherapy-4lk6i7/,ChIJzxmgIluYYyIRNSFBz3_m39k,no,
Better Living Physiotherapy & Rehabilitation Centre,Health & Wellness,,"3476 Glen Erin Dr Ste 220, Mississauga, ON L5L 3R4, Canada",(905) 569-6431,5,46,https://betterlivingphysio.ca/,https://mississaugainsider.ca/directory/health/better-living-physiotherapy-and-rehabilitation-centre-ckdfe2/,ChIJK_ZIAclDK4gRk9mYfFw1gWE,no,
Peak Form Physio and Wellness Clarkson,Health & Wellness,,"950 Southdown Rd Unit B2, Mississauga, ON L5J 2Y4, Canada",(905) 855-0100,5,45,https://www.peakformphysio.com/,https://mississaugainsider.ca/directory/health/peak-form-physio-and-wellness-clarkson-x3pb7s/,ChIJbXlW82JFK4gRp7ZrVfxxDSw,no,
Dun-Dix Healthcare | Mississauga,Health & Wellness,,"1370 Dundas St E #201, Mississauga, ON L4Y 4G4, Canada",(905) 232-1166,5,30,https://dundixhealthcare.ca/,https://mississaugainsider.ca/directory/health/dun-dix-healthcare-mississauga-u2ej35/,ChIJZfdK2ZJHK4gREYKlcjf99-w,no,
Clarkson Dental Centre,Health & Wellness,,"1020 Johnsons Ln, Mississauga, ON L5J 2P7, Canada",(905) 403-8118,5,18,http://www.clarksondental.ca/,https://mississaugainsider.ca/directory/health/clarkson-dental-centre-fuq3ji/,ChIJe-mju0VEK4gRoiyZMVtqSdI,no,
Streetsville Smiles Dental,Health & Wellness,,"243 Queen St S, Mississauga, ON L5M 1L7, Canada",(905) 286-0684,5,13,https://streetsvillesmilesdental.com/,https://mississaugainsider.ca/directory/health/streetsville-smiles-dental-2vxgzd/,ChIJn9hpOwBBK4gR0QaFbGeb0-s,no,
Proremedy Physiotherapy Streetsville,Health & Wellness,,"63 Queen St S #10, Mississauga, ON L5M 3S9, Canada",(647) 614-4648,5,11,https://proremedyphysio.com/physiotherapy-in-streetsville/,https://mississaugainsider.ca/directory/health/proremedy-physiotherapy-streetsville-szxq4e/,ChIJ5SRxr7xBK4gREMK-keicnZU,no,
PhysioNow - Clarkson Village,Health & Wellness,,"1900 Lakeshore Rd W #7a, Mississauga, ON L5J 1J7, Canada",(905) 403-0300,5,9,https://www.physionow.ca/,https://mississaugainsider.ca/directory/health/physionow-clarkson-village-mys26c/,ChIJxwHPqRlFK4gRivhQtE-5qKI,no,
Lakeshore Physiotherapy & Acupuncture,Health & Wellness,,"730 Lakeshore Rd W, Mississauga, ON L5H 1H7, Canada",(905) 274-9354,5,8,http://www.lakeshorephysioandacupuncture.com/,https://mississaugainsider.ca/directory/health/lakeshore-physiotherapy-and-acupuncture-hlb5w4/,ChIJr0jIZNFFK4gRFW9wh10qII8,no,
Clarkson Smiles Dental Mississauga,Health & Wellness,,"1601 Lakeshore Rd W #1B, Mississauga, ON L5J 1J4, Canada",(905) 271-1530,5,6,https://clarksonsmiles.com/,https://mississaugainsider.ca/directory/health/clarkson-smiles-dental-mississauga-ba0sd6/,ChIJdR0KK41FK4gR5YW0gkmKmtA,no,
Derry Dental,Health & Wellness,,"3427 Derry Rd E #200, Mississauga, ON L4T 4H7, Canada",(905) 672-1662,5,5,,https://mississaugainsider.ca/directory/health/derry-dental-ecd04g/,ChIJ0elnDpI7K4gRAc9jFW-jOro,no,
Port Credit Therapy Centre,Health & Wellness,,"12 Front St S, Mississauga, ON L5H 2C4, Canada",(289) 643-0922,5,1,http://www.portcredittherapycentre.com/,https://mississaugainsider.ca/directory/health/port-credit-therapy-centre-xl928w/,ChIJY16up3JGK4gROvSxO14psiQ,no,
Malton Spine Clinic and Chronic Pain Centre,Health & Wellness,,"3427 Derry Rd E, Mississauga, ON L4T 4H7, Canada",(905) 672-1333,5,1,,https://mississaugainsider.ca/directory/health/malton-spine-clinic-and-chronic-pain-centre-oo561z/,ChIJzSqvJOk7K4gReu909dI0Pw0,no,
"Curezone Physiotherapy | Heartland, Mississauga",Health & Wellness,,"812 Britannia Rd W Ste 110, Mississauga, ON L5V 0A6, Canada",(905) 997-4333,4.9,1448,https://www.curezonephysiotherapy.com/,https://mississaugainsider.ca/directory/health/curezone-physiotherapy-heartland-mississauga-62is5f/,ChIJ12-lLMBBK4gRzSfRTmxwVDI,no,
Triangle Physiotherapy Erin Mills,Health & Wellness,,"2520 Eglinton Ave W Unit 205, Mississauga, ON L5M 0Y4, Canada",(905) 677-8585,4.9,759,https://www.trianglephysiotherapy.com/services/physiotherapy/toronto-ontario/erin-mills,https://mississaugainsider.ca/directory/health/triangle-physiotherapy-erin-mills-cz7mwy/,ChIJ35XE75lBK4gRmWUtbyswhhc,no,
Erinwood Dental - Dunwin Clinic,Health & Wellness,,"2155 Dunwin Dr #1, Mississauga, ON L5L 4M1, Canada",(905) 855-7828,4.9,752,https://www.erinwooddental.com/,https://mississaugainsider.ca/directory/health/erinwood-dental-dunwin-clinic-o8bvpj/,ChIJD4QydL5DK4gRcG9ewcyKdic,no,
Southdown Dental,Health & Wellness,,"1375 Southdown Rd Ste 8, Mississauga, ON L5J 2Z1, Canada",(905) 822-4198,4.9,558,http://southdowndental.com/?utm_source=google&utm_medium=gmb,https://mississaugainsider.ca/directory/health/southdown-dental-cetrjj/,ChIJK1AbzGREK4gRVGOSfABPJ48,no,
Physiocare & Rehab Meadowvale,Health & Wellness,,"6590 Meadowvale Town Centre Cir Unit J7, Mississauga, ON L5N 4B7, Canada",(905) 593-9118,4.9,531,https://www.physiocare.ca/,https://mississaugainsider.ca/directory/health/physiocare-and-rehab-meadowvale-x5pa95/,ChIJl_pvIWtqK4gR9HlrEPEQj0Y,no,
Onyx Dental,Health & Wellness,,"2555 Erin Centre Blvd Unit 12, Mississauga, ON L5M 5H1, Canada",(905) 567-4999,4.9,497,https://onyxdental.ca/,https://mississaugainsider.ca/directory/health/onyx-dental-hyl2wf/,ChIJjXWoWI5BK4gRRXD_xB9jByA,no,
Malton Family Dental,Health & Wellness,,"2980 Drew Rd #128, Mississauga, ON L4T 0A7, Canada",(647) 370-1775,4.9,457,https://maltonfamilydental.ca/,https://mississaugainsider.ca/directory/health/malton-family-dental-txwlji/,ChIJr48quwc8K4gRKhL7sqTNezo,no,
Meadowvale Physiotherapy & Rehabilitation Centre,Health & Wellness,,"3080 Windwood Dr. Unit 5, Mississauga, ON L5N 2K5, Canada",(905) 826-5228,4.9,445,https://www.meadowvalephysio.ca/?utm_source=Google+Business+Profile&utm_medium=Google+Business+Profile&utm_campaign=Google+Business+Profile,https://mississaugainsider.ca/directory/health/meadowvale-physiotherapy-and-rehabilitation-centre-iig57g/,ChIJW6MBAllrK4gR3v9HrRLosdA,no,
Health First Group - Mississauga,Health & Wellness,,"6981 Millcreek Dr Unit 7 & 8, Mississauga, ON L5N 6B8, Canada",(905) 821-0262,4.9,437,http://www.healthfirstgroup.ca/,https://mississaugainsider.ca/directory/health/health-first-group-mississauga-kyxn7o/,ChIJpXUoRmBqK4gRiKXoyCTR9b4,no,
Dentistry on Lakeshore,Health & Wellness,,"321 Lakeshore Rd W, Mississauga, ON L5H 1G9, Canada",(905) 278-0100,4.9,411,https://dentistryonlakeshore.com/,https://mississaugainsider.ca/directory/health/dentistry-on-lakeshore-bk9bk8/,ChIJha3TiddFK4gROsl7zJveI9w,no,
Elite Physio,Health & Wellness,,"10 Falconer Dr Unit 2, Mississauga, ON L5N 3L8, Canada",(905) 997-8337,4.9,367,http://www.elitephysio.ca/,https://mississaugainsider.ca/directory/health/elite-physio-ulyxgp/,ChIJq6qqTolBK4gRuM_x6t1KHV0,no,
Goreway Physiotherapy & Rehabilitation,Health & Wellness,,"7330 Goreway Dr Unit 20, Mississauga, ON L4T 4J2, Canada",(905) 612-8222,4.9,342,http://gorewayphysiotherapy.com/,https://mississaugainsider.ca/directory/health/goreway-physiotherapy-and-rehabilitation-2y7m6j/,ChIJKyPTufI7K4gRHwRmOWSqq8M,no,
Rosetta Dental,Health & Wellness,,"4099 Erin Mills Pkwy, Mississauga, ON L5L 3P9, Canada",(905) 820-3200,4.9,291,https://www.rosettadental.com/,https://mississaugainsider.ca/directory/health/rosetta-dental-f1obln/,ChIJ04cPv9ZDK4gRvELxj5U3Wss,no,
Iona Dental Mississauga,Health & Wellness,,"1585 Mississauga Vly Blvd Unit 3, Mississauga, ON L5A 3W9, Canada",(289) 805-3509,4.9,287,https://www.ionadental.ca/?utm_source=GMB_Listing&utm_medium=organic&utm_campaign=Website_URL,https://mississaugainsider.ca/directory/health/iona-dental-mississauga-3wzmfu/,ChIJN_HHtRhHK4gRq4WW0Vca4Yo,no,
Clarkson Village Dental Clinic,Health & Wellness,,"1098 Clarkson Rd N, Mississauga, ON L5J 2V9, Canada",(905) 855-2622,4.9,278,https://www.clarksondentist.com/?utm_source=google&utm_medium=organic&utm_campaign=gbp&utm_content=website,https://mississaugainsider.ca/directory/health/clarkson-village-dental-clinic-dsrlg4/,ChIJVyu7q5ABWkARsohaeK_DvNA,no,
Millway Dental,Health & Wellness,,"3200 Erin Mills Pkwy, Mississauga, ON L5L 1W8, Canada",(905) 607-4333,4.9,252,https://www.millwaydental.com/,https://mississaugainsider.ca/directory/health/millway-dental-goy5f6/,ChIJgbFN1ulDK4gRMFSOfJSG448,no,
Dr Sahar Dentistry Mississauga,Health & Wellness,,"6005 Erin Mills Pkwy #103, Mississauga, ON L5N 0G5, Canada",(437) 494-8306,4.9,240,http://sahardentistryerinmills.ca/,https://mississaugainsider.ca/directory/health/dr-sahar-dentistry-mississauga-gv09bi/,ChIJ60fz0rJBK4gRdVLL7KiuI2k,no,
Clarkson Sports and Physiotherapy,Health & Wellness,,"1400 Lakeshore Rd W, Mississauga, ON L5J 1J1, Canada",(905) 855-8372,4.9,237,http://clarksonphysio.ca/,https://mississaugainsider.ca/directory/health/clarkson-sports-and-physiotherapy-0q1hiy/,ChIJx9w27khEK4gR7UQoty_kZd8,no,
Casa Dental,Health & Wellness,,"71 King St W Ste 104, Mississauga, ON L5B 4A2, Canada",(905) 272-1634,4.9,215,https://www.casadental.ca/,https://mississaugainsider.ca/directory/health/casa-dental-3c79ug/,ChIJGW6ZMvNHK4gRPUtxfa4fQao,no,
Lakeview Dentistry - Dr. Dat Phung,Health & Wellness,,"515 Lakeshore Rd E, Mississauga, ON L5G 1H9, Canada",(905) 271-8886,4.9,186,http://lakeviewdentistrydds.com/,https://mississaugainsider.ca/directory/health/lakeview-dentistry-dr-dat-phung-hbehib/,ChIJ9Z1VUCNGK4gRKiNfL-nb-_g,no,
Argentia Dental Centre,Health & Wellness,,"332 Queen St S, Mississauga, ON L5M 1M2, Canada",(905) 608-0608,4.9,179,http://www.argentiadental.com/,https://mississaugainsider.ca/directory/health/argentia-dental-centre-b8mowp/,ChIJg-YVJ71BK4gRoc7QnrmIZqY,no,
Erin Mills Dental Centre,Health & Wellness,,"6400 Millcreek Dr, Mississauga, ON L5N 3E7, Canada",(289) 514-2388,4.9,179,http://www.erinmillsdental.com/,https://mississaugainsider.ca/directory/health/erin-mills-dental-centre-8gj03l/,ChIJA5-KNNZBK4gRRlyCP-YHiGc,no,
Dentistry At Clarkson,Health & Wellness,,"960 Southdown Rd c3, Mississauga, ON L5J 2Y4, Canada",(905) 823-7855,4.9,168,http://dentistryatclarkson.com/,https://mississaugainsider.ca/directory/health/dentistry-at-clarkson-bq46x8/,ChIJb6APs4pEK4gRDtopq_WaHqQ,no,
Lakeview Denture Clinic,Health & Wellness,,"567 Lakeshore Rd E, Mississauga, ON L5G 0A8, Canada",(905) 278-9898,4.9,164,http://www.lakeviewdentureclinic.ca/,https://mississaugainsider.ca/directory/health/lakeview-denture-clinic-7lrqj8/,ChIJtQroH3FHK4gRHa_EX-U5S-c,no,
Dundas Dental Centre,Health & Wellness,,"29 Dundas St E, Mississauga, ON L5A 1V9, Canada",(905) 281-0273,4.9,159,http://www.bovairddental.ca/,https://mississaugainsider.ca/directory/health/dundas-dental-centre-hzesvo/,ChIJwxbDpfxGK4gR0DQtf9ewHIs,no,
"SR Dental Cooksville, Mississauga",Health & Wellness,,"3025 Hurontario St Unit 102, Mississauga, ON L5A 2H1, Canada",(289) 724-2860,4.9,151,https://www.srdental.ca/dentist-cooksville-mississauga/?utm_source=GMB_Listing&utm_medium=organic&utm_campaign=Website_URL,https://mississaugainsider.ca/directory/health/sr-dental-cooksville-mississauga-nvmhud/,ChIJOZhRoCtHK4gRJjWRFGAfJq4,no,
Functional Body Institute Clarkson,Health & Wellness,,"1728 Lakeshore Rd W, Mississauga, ON L5J 1J5, Canada",(905) 916-8800,4.9,133,https://functionalbodyinstitute.ca/,https://mississaugainsider.ca/directory/health/functional-body-institute-clarkson-2yc4tu/,ChIJw8iMo-NFK4gRJPkLhg9KRc0,no,
ARC Physio Health Clinic,Health & Wellness,,"2520 Eglinton Ave W Unit 5-6, Mississauga, ON L5M 0Y4, Canada",(905) 997-0113,4.9,129,https://arcphysiohealth.ca/,https://mississaugainsider.ca/directory/health/arc-physio-health-clinic-ea7jqf/,ChIJcR6wxIhBK4gRiBFiJtw6_qs,no,
Kingsbridge Physiotherapy Centre,Health & Wellness,,"20 Kingsbridge Garden Cir B2, Mississauga, ON L5R 3K7, Canada",(905) 507-4215,4.9,126,https://www.kingsbridgephysio.ca/,https://mississaugainsider.ca/directory/health/kingsbridge-physiotherapy-centre-l36w14/,ChIJ_VdhtzRHK4gR9o-uDw_bad0,no,
Peak Form Physio and Wellness Port Credit,Health & Wellness,,"515 Lakeshore Rd E Unit 111, Mississauga, ON L5G 1H9, Canada",(905) 271-1000,4.9,108,https://peakformphysio.com/,https://mississaugainsider.ca/directory/health/peak-form-physio-and-wellness-port-credit-tz8rvn/,ChIJ9Z1VUCNGK4gRzBkAt0BIZG8,no,
Physiomed Mississauga - Port Credit,Health & Wellness,,"579 Lakeshore Rd E B, Mississauga, ON L5G 0B3, Canada",(905) 271-5757,4.9,106,https://www.physiomed.ca/find-a-clinic/mississauga-port-credit/overview/,https://mississaugainsider.ca/directory/health/physiomed-mississauga-port-credit-2zdf0c/,ChIJVVVVpSRGK4gREJCJfextquY,no,
Derry Family Dental,Health & Wellness,,"268 Derry Rd W Unit 108, Mississauga, ON L5W 0H6, Canada",(289) 804-8339,4.9,98,http://www.derryfamilydental.ca/,https://mississaugainsider.ca/directory/health/derry-family-dental-tmhgf9/,ChIJn7Cr2I0_K4gREXcj6VnF3ws,no,
Lakeshore Dentistry - Port Credit,Health & Wellness,,"125 Lakeshore Rd E Unit A-16, Mississauga, ON L5G 1E5, Canada",(905) 990-8500,4.9,85,https://lakeshoredentistry.ca/,https://mississaugainsider.ca/directory/health/lakeshore-dentistry-port-credit-7inx5b/,ChIJu-E8wLNHK4gRf6GdH_vUZgs,no,
Parkside Physiotherapy & Rehabilitation Centre,Health & Wellness,,"6870 Goreway Dr # 203, Mississauga, ON L4V 1P1, Canada",(888) 643-1588,4.9,80,https://parksidephysiotherapy.com/physiotherapy-clinic/mississauga-on/,https://mississaugainsider.ca/directory/health/parkside-physiotherapy-and-rehabilitation-centre-w9hxte/,ChIJGbPZIOg7K4gRMUhIBCyIprc,no,
Port Credit Dental Mississauga,Health & Wellness,,"224 Lakeshore Rd W, Mississauga, ON L5H 1G6, Canada",(905) 278-7470,4.9,71,https://portcreditdental.com/,https://mississaugainsider.ca/directory/health/port-credit-dental-mississauga-bh2q82/,ChIJUWPRtXdGK4gRGp4qY8Nu9Qk,no,
Physio Osteo Clinic,Health & Wellness,,"250 Dundas St W Unit 405, Mississauga, ON M7A 1G1, Canada",(905) 232-0545,4.9,58,http://www.physioosteoclinic.com/,https://mississaugainsider.ca/directory/health/physio-osteo-clinic-xwhs51/,ChIJ-6xRS4hDK4gR6Rg5D6WSFRs,no,
Clarkson North Dental,Health & Wellness,,"1575 Clarkson Rd N, Mississauga, ON L5J 2X1, Canada",(905) 819-6951,4.9,49,http://www.mississaugadentalgroup.com/,https://mississaugainsider.ca/directory/health/clarkson-north-dental-p8va0j/,ChIJi8mwq0RFK4gRrn64Y2--z1c,no,
Village Physiotherapy & Rehabilitation Centre,Health & Wellness,,"57 Village Centre Pl, Mississauga, ON L4Z 1V9, Canada",(905) 276-0015,4.9,44,http://villagephysiotherapy.ca/,https://mississaugainsider.ca/directory/health/village-physiotherapy-and-rehabilitation-centre-7vsqyh/,ChIJV0DqwjBHK4gR6AaeyZMsnLg,no,
Port Credit Village Dental,Health & Wellness,,"175 Lakeshore Rd W Suite 13, Mississauga, ON L5H 0A6, Canada",(905) 278-2500,4.9,34,http://www.villageofportcreditdental.com/,https://mississaugainsider.ca/directory/health/port-credit-village-dental-egcmrb/,ChIJH6FOiXNGK4gRpH-lxJq2RAI,no,
ReGen Physio & Wellness,Health & Wellness,,"154 Queen St S Unit #116, Mississauga, ON L5M 2P4, Canada",(647) 960-6088,4.9,28,https://regenphysiotherapy.com/?utm_source=GBP,https://mississaugainsider.ca/directory/health/regen-physio-and-wellness-yhchzd/,ChIJMfOuEV9BK4gRj6dWndcQuCM,no,
Triangle Physiotherapy Mississauga,Health & Wellness,,"4188 Living Arts Dr, Mississauga, ON L5B 0H7, Canada",(905) 270-1400,4.8,1287,https://www.trianglephysiotherapy.com/services/physiotherapy/toronto-ontario/mississauga,https://mississaugainsider.ca/directory/health/triangle-physiotherapy-mississauga-xdeoit/,ChIJE7Jf5SpHK4gRCidx6lTNNrQ,no,
PhysioCare & Rehab (Grand Park Plaza),Health & Wellness,,"719 Central Pkwy W #205, Mississauga, ON L5B 4L1, Canada",(905) 272-0909,4.8,594,https://www.physiocare.ca/,https://mississaugainsider.ca/directory/health/physiocare-and-rehab-grand-park-plaza-hkhe2j/,ChIJNQAJes5GK4gReEHoirHGwzs,no,
Meadowvale Dental Group,Health & Wellness,,"6855 Meadowvale Town Centre Cir #308, Mississauga, ON L5N 2Y1, Canada",(905) 826-5900,4.8,418,https://www.meadowvaledental.com/?utm_source=GMB_Listing&utm_medium=organic&utm_campaign=GMB,https://mississaugainsider.ca/directory/health/meadowvale-dental-group-lx4dio/,ChIJ31ioZ2lqK4gR6JooekoePI4,no,
Focus,Health & Wellness,,"2338 Hurontario St #211, Mississauga, ON L5B 1N1, Canada",(416) 961-2001,4.8,388,http://www.focusphysiotherapy.com/locations/mississauga-clinic/,https://mississaugainsider.ca/directory/health/focus-sqccfr/,ChIJJ_1rKllGK4gRPovEKFsqGM0,no,
Pearl Dental Care - Streetsville,Health & Wellness,,"205 Queen St S, Mississauga, ON L5M 1L4, Canada",(905) 826-3363,4.8,353,https://pearldentalcare.ca/?utm_source=GoogleOrganic&utm_medium=GMBwebsite&utm_campaign=GMBWebsiteLink,https://mississaugainsider.ca/directory/health/pearl-dental-care-streetsville-78pr3m/,ChIJDTf1a7lBK4gR0u79NCp20Rs,no,
Derry Village Physiotherapy And Chiropractic,Health & Wellness,,"7070 St Barbara Blvd #2, Mississauga, ON L5W 0E6, Canada",(905) 670-9188,4.8,346,http://derryphysio.ca/,https://mississaugainsider.ca/directory/health/derry-village-physiotherapy-and-chiropractic-5ipqke/,ChIJWe4aaI0_K4gRn1mcKesMH8g,no,
Delta Physiotherapy & Rehab - Central Parkway Mississauga,Health & Wellness,,"325 Central Pkwy W Unit 38, Mississauga, ON L5B 3X9, Canada",(905) 270-3086,4.8,342,https://www.deltaphysiotherapy.ca/,https://mississaugainsider.ca/directory/health/delta-physiotherapy-and-rehab-central-parkway-mississauga-6i9vox/,ChIJ0R_b-tlGK4gRttD_tAR53gQ,no,
Physiomed Mississauga - Erin Mills,Health & Wellness,,"6460 Millcreek Dr, Mississauga, ON L5N 2V6, Canada",(905) 542-7442,4.8,285,http://www.physiomed.ca/find-a-clinic/mississauga-erin-mills/overview/,https://mississaugainsider.ca/directory/health/physiomed-mississauga-erin-mills-1hktuj/,ChIJm0h37nhqK4gRRWGtkKweUJ8,no,
Brandon Gate Dental Care - Dentist in Malton,Health & Wellness,,"4025 Brandon Gate Dr, Mississauga, ON L4T 3Z9, Canada",(647) 370-3135,4.8,285,https://www.brandongatedental.com/?utm_source=GMB_Listing&utm_medium=organic&utm_campaign=Website_URL,https://mississaugainsider.ca/directory/health/brandon-gate-dental-care-dentist-in-malton-sv1bha/,ChIJ7WT4v5s7K4gRMbKr4gXjfkA,no,
Elmcreek Dental,Health & Wellness,,"3052 Elmcreek Rd Unit 104, Mississauga, ON L5B 0B6, Canada",(289) 670-5165,4.8,269,https://elmcreekdentalcare.com/,https://mississaugainsider.ca/directory/health/elmcreek-dental-ugcexn/,ChIJMwGtjhxHK4gRUEYHTNL3e2g,no,
Parkside Village Dental Mississauga Square 1,Health & Wellness,,"515 Curran Place, Mississauga, ON L5B 0H4, Canada",(905) 232-0360,4.8,251,http://www.parksidevillagedental.com/,https://mississaugainsider.ca/directory/health/parkside-village-dental-mississauga-square-1-15x5fs/,ChIJW9d-VNRGK4gRP2sBcyG9jG0,no,
River Run Dental Centre,Health & Wellness,,"1525 Bristol Rd W, Mississauga, ON L5M 4Z1, Canada",(905) 567-6891,4.8,239,http://riverrundental.ca/,https://mississaugainsider.ca/directory/health/river-run-dental-centre-uqjiy9/,ChIJIV1l4qhBK4gRQPiFm5O1ORs,no,
Alleviate Physiotherapy Mississauga,Health & Wellness,,"144 Dundas St W #2, Mississauga, ON L5B 1H9, Canada",(905) 897-3231,4.8,216,https://alleviatephysiotherapy.com/physiotherapy-mississauga/,https://mississaugainsider.ca/directory/health/alleviate-physiotherapy-mississauga-vfjyhf/,ChIJXRnKkVZHK4gRREHRkmAEwZc,no,
Dentistry in Streetsville,Health & Wellness,,"100 Queen St S, Mississauga, ON L5M 1K8, Canada",(905) 821-8221,4.8,216,http://dentistryinstreetsville.com/,https://mississaugainsider.ca/directory/health/dentistry-in-streetsville-fa1tnc/,ChIJgR85D7hBK4gRmK6mHIW8BMI,no,
Dentistry @ Erin Mills,Health & Wellness,,"2180 Credit Valley Rd, Mississauga, ON L5M 3C9, Canada",(905) 820-2220,4.8,204,https://www.dentistryaterinmills.com/,https://mississaugainsider.ca/directory/health/dentistry-erin-mills-szi83t/,ChIJ-VbWOodBK4gR2oAfCD2PQ8g,no,
Westwood Dental,Health & Wellness,,"7205 Goreway Dr #17C, Mississauga, ON L4T 2T9, Canada",(905) 677-7133,4.8,203,http://www.westwooddentaloffice.ca/?utm_source=google&utm_medium=gmb,https://mississaugainsider.ca/directory/health/westwood-dental-e60ieo/,ChIJKTdyru07K4gRUkJPIOOQBEY,no,
Goreway Dental Centre - Malton,Health & Wellness,,"7125 Goreway Dr #206, Mississauga, ON L4T 4H3, Canada",(289) 902-5843,4.8,179,http://gorewaydental.ca/?utm_source=GoogleOrganic&utm_medium=GMBwebsite&utm_campaign=GMBWebsiteLink,https://mississaugainsider.ca/directory/health/goreway-dental-centre-malton-j4cgy9/,ChIJd4u7Pew7K4gRaXRRHfZs1jY,no,
PhysioCare & Rehab (Credit Valley Town Plaza),Health & Wellness,,"6085 Creditview Rd, Mississauga, ON L5V 2A8, Canada",(905) 816-0006,4.8,174,http://www.physiocare.ca/,https://mississaugainsider.ca/directory/health/physiocare-and-rehab-credit-valley-town-plaza-kl3jna/,ChIJq6pqXUlAK4gR4ZUqnt0hudw,no,
Dentistry@Mills,Health & Wellness,,"6005 Erin Mills Pkwy #106, Mississauga, ON L5N 0G5, Canada",(905) 813-8947,4.8,156,https://www.dentistryatmills.ca/,https://mississaugainsider.ca/directory/health/dentistry-mills-m73a6n/,ChIJw-7pp4dBK4gRXGTnMJ7t5L4,no,
Wafa Dental Centre,Health & Wellness,,"66 Dundas St W, Mississauga, ON L5B 1H3, Canada",(905) 236-0666,4.8,144,https://www.wafadental.com/,https://mississaugainsider.ca/directory/health/wafa-dental-centre-gxh12r/,ChIJuQmg9a1HK4gR6EjPzvsuzLg,no,
MyHealth Care Centre,Health & Wellness,,"137 Queen St E, Port Credit, ON L5G 1N1, Canada",(905) 271-9333,4.8,138,https://www.myhealth.ca/,https://mississaugainsider.ca/directory/health/myhealth-care-centre-4vrix7/,ChIJuQUe8rxBK4gRTPiJHeuKj94,no,
High Point Wellness Centre,Health & Wellness,,"5110 Creekbank Rd, Mississauga, ON L4W 0A1, Canada",(905) 624-0233,4.8,127,http://highpointclinic.com/,https://mississaugainsider.ca/directory/health/high-point-wellness-centre-gcgnyz/,ChIJcYFLf_I4K4gRMpmsXswpUlI,no,
Alleviate Physiotherapy Clarkson,Health & Wellness,,"2425 Truscott Dr #8, Mississauga, ON L5J 2B4, Canada",(905) 897-3233,4.8,113,http://www.alleviatephysiotherapy.com/,https://mississaugainsider.ca/directory/health/alleviate-physiotherapy-clarkson-zy57ag/,ChIJp-5rwStFK4gRzSFaqlgWdNs,no,
PhysioNow - Hurontario,Health & Wellness,,"4557 Hurontario St Unit B-10, Mississauga, ON L4Z 3M2, Canada",(905) 712-0032,4.8,109,https://www.physionow.ca/,https://mississaugainsider.ca/directory/health/physionow-hurontario-7m9w62/,ChIJy3nja1o_K4gR8cwJoyjzz08,no,
Lakeview Village Dentistry,Health & Wellness,,"1167 Lakeshore Rd E, Mississauga, ON L5E 1G1, Canada",(905) 990-6767,4.8,78,http://www.lakeviewvillagedentistry.com/,https://mississaugainsider.ca/directory/health/lakeview-village-dentistry-snzx94/,ChIJ-4cXGn5IK4gRarELmS2ndfE,no,
Village Dental of Streetsville,Health & Wellness,,"168 Queen St S, Mississauga, ON L5M 1K8, Canada",(905) 826-2881,4.8,72,https://villagedentalofstreetsville.com/,https://mississaugainsider.ca/directory/health/village-dental-of-streetsville-xi9z0x/,ChIJOe24BblBK4gRZmYg35VCx4E,no,
F45 Training Port Credit,Fitness & Sports,,"378 Lakeshore Rd E, Mississauga, ON L5G 1H5, Canada",(416) 527-0891,5,308,http://www.f45training.ca/portcredit,https://mississaugainsider.ca/directory/fitness/f45-training-port-credit-ixkzxp/,ChIJv9LpdvVHK4gRL8ELjsfD3LE,no,
"Women Who Lift - Personal Trainer, Bootcamp & Fitness Mississauga",Fitness & Sports,,"3105 Unity Dr Unit 16, Mississauga, ON L5L 4L3, Canada",(647) 578-8115,5,202,https://womenwholift.com/pages/fitness-and-personal-trainer,https://mississaugainsider.ca/directory/fitness/women-who-lift-personal-trainer-bootcamp-and-fitness-mississ-918a4u/,ChIJi0KSQBZHK4gRcW1hoVkvZ2k,no,
Auria Pilates,Fitness & Sports,,"39 Lakeshore Rd E Unit 300, Mississauga, ON L5G 1C9, Canada",(905) 271-6663,5,188,http://auriapilates.ca/,https://mississaugainsider.ca/directory/fitness/auria-pilates-qg322p/,ChIJfbRxLwBHK4gRcdgL8NqWVKE,no,
Elite Boxing & Fitness,Fitness & Sports,,"560 Courtneypark Dr W, Mississauga, ON L5W 1L9, Canada",(289) 276-7318,5,139,https://eliteboxingfit.com/,https://mississaugainsider.ca/directory/fitness/elite-boxing-and-fitness-4ea0us/,ChIJqU6oBFBBK4gRRyU-5xKEJrs,no,
StrongerNow Inc.,Fitness & Sports,,"579 Lakeshore Rd E E B, Mississauga, ON L5G 0B3, Canada",(416) 985-7097,5,137,http://strongernow.ca/,https://mississaugainsider.ca/directory/fitness/strongernow-inc-4qpu18/,ChIJiYS1vL2vLIgRgKcco28LJE8,no,
FS8 Port Credit,Fitness & Sports,,"175 Lakeshore Rd W Second Floor, Unit 12, Mississauga, ON L5H 0A6, Canada",,5,136,https://fs8.com/studio/portcredit/,https://mississaugainsider.ca/directory/fitness/fs8-port-credit-ppu8vq/,ChIJB7-ExzNHK4gR2JzOe5u5kLw,no,
J17 Performance Mississauga,Fitness & Sports,,"3413 Wolfedale Rd Unit 8, Mississauga, ON L5C 1V8, Canada",(416) 826-6084,5,105,https://www.j17performance.com/,https://mississaugainsider.ca/directory/fitness/j17-performance-mississauga-lisu0y/,ChIJV5okeyZHK4gRaIEftUJlvTc,no,
I.S.A Calisthenics Gym - Indomitable Spirit Academy,Fitness & Sports,,"Inside Sky Fitness, 3345 Laird Rd #3, Mississauga, ON L5L 5R6, Canada",(416) 455-0213,5,91,https://www.indomitablespiritacademy.com/,https://mississaugainsider.ca/directory/fitness/i-s-a-calisthenics-gym-indomitable-spirit-academy-5s9whd/,ChIJYftljIxDK4gRle0uzhn4MQQ,no,
TERNION Fitness & Athletics,Fitness & Sports,,"66 Thomas St 32 & 34, Mississauga, ON L5M 2P3, Canada",(905) 828-7298,5,88,https://ternion3.ca/,https://mississaugainsider.ca/directory/fitness/ternion-fitness-and-athletics-f2o8fg/,ChIJX9MoCb9BK4gRapK0NVte1Jw,no,
Primal Strength Club,Fitness & Sports,,"145 Traders Blvd E #25, Mississauga, ON L4Z 2E5, Canada",(905) 370-0080,5,64,http://www.primalstrengthclub.com/,https://mississaugainsider.ca/directory/fitness/primal-strength-club-ej2mle/,ChIJAY_xM6BAK4gRaa9fdFl9XHA,no,
CrossFit Port Credit,Fitness & Sports,,"58 Oakwood Ave N, Mississauga, ON L5G 3L8, Canada",(289) 468-1202,5,63,https://crossfitportcredit.com/,https://mississaugainsider.ca/directory/fitness/crossfit-port-credit-jdw61k/,ChIJW1X83BRGK4gRVSWMMSV2Cr4,no,
"Women Who Lift - Personal Trainer, Bootcamp & Fitness Etobicoke",Fitness & Sports,,"2290 Dixie Rd Unit B, Mississauga, ON L4Y 1Z4, Canada",(647) 503-5105,5,56,https://womenwholift.com/collections/programs,https://mississaugainsider.ca/directory/fitness/women-who-lift-personal-trainer-bootcamp-and-fitness-etobico-k5bmdx/,ChIJ0bPL7WVHK4gREF4KuT1wTwo,no,
Atria Pilates,Fitness & Sports,,"220 Queen St S 2nd floor, Mississauga, ON L5M 1L5, Canada",(289) 872-8742,5,52,http://www.atriapilates.ca/,https://mississaugainsider.ca/directory/fitness/atria-pilates-ib3fx1/,ChIJYW7LPxRBK4gRIKrcmgSYhpU,no,
Level Up Fitness Academy,Fitness & Sports,,"1195 Queensway E #22, Mississauga, ON L4Y 0G4, Canada",(416) 648-0136,5,52,https://levelupfitness.ca/,https://mississaugainsider.ca/directory/fitness/level-up-fitness-academy-urj2e3/,ChIJtSQiv-Q3K4gRzmcHhBLtYsY,no,
Deaglan Fitness,Fitness & Sports,,"2100 Sherobee Rd, Mississauga, ON L5A 4C5, Canada",(416) 721-1189,5,45,https://deaglanfitness.ca/,https://mississaugainsider.ca/directory/fitness/deaglan-fitness-n7f7kd/,ChIJ36339bZHK4gRjAfQOvLbvWA,no,
360 Knockout Fitness,Fitness & Sports,,"1935 Drew Rd, Mississauga, ON L5S 1M7, Canada",(647) 855-3545,5,38,,https://mississaugainsider.ca/directory/fitness/360-knockout-fitness-bdnroi/,ChIJmd2UBmM-K4gReTwK7EKPuwY,no,
Ether Gym,Fitness & Sports,,"1215 Queensway E Unit 45, Mississauga, ON L4Y 0G4, Canada",(416) 908-1147,5,35,http://www.ethergym.com/,https://mississaugainsider.ca/directory/fitness/ether-gym-2pm5wg/,ChIJUVTyIdJHK4gRj_onahk2JC4,no,
F45 Training Clarkson,Fitness & Sports,,"1900 Lakeshore Rd W, Mississauga, ON L5J 1J7, Canada",(647) 677-3399,5,29,https://f45training.ca/clarkson/home?lang=en-ca,https://mississaugainsider.ca/directory/fitness/f45-training-clarkson-kjh8ji/,ChIJ2f5fX0o1K4gRFEm8H6kzl1c,no,
Pilates Joint,Fitness & Sports,,"230 Lakeshore Rd E Unit 306, Mississauga, ON L5G 1G2, Canada",(416) 655-0153,5,25,http://www.pilatesjoint.com/,https://mississaugainsider.ca/directory/fitness/pilates-joint-0azsm4/,ChIJEQlKEZBHK4gRSQuqYI1Qgts,no,
No Nonsense Fitness Inc.,Fitness & Sports,,"517 Candlestick Cir, Mississauga, ON L4Z 3Y5, Canada",(416) 970-3328,5,22,http://nnmafitness.my.canva.site/,https://mississaugainsider.ca/directory/fitness/no-nonsense-fitness-inc-ftlx0r/,ChIJNQNPjBFHK4gRq8wkThZmpqg,no,
BBB - Bodies By Bravo,Fitness & Sports,,"4080 Confederation Pkwy Suite 205, Mississauga, ON L5B 0G1, Canada",(647) 970-3925,5,22,https://www.instagram.com/bodiesbybravo/,https://mississaugainsider.ca/directory/fitness/bbb-bodies-by-bravo-cua6l7/,ChIJYT8ubEJHK4gREUyFi-EZgLI,no,
Oxygen Yoga & Fitness Meadowvale West,Fitness & Sports,,"3055 Argentia Rd B2, Mississauga, ON L5N 8E1, Canada",(942) 444-1630,5,21,https://oxygenyogaandfitness.com/meadowvale-west/,https://mississaugainsider.ca/directory/fitness/oxygen-yoga-and-fitness-meadowvale-west-5a6ku9/,ChIJoWye_nprK4gRM4RDm6rerjM,no,
Kalektiv,Fitness & Sports,,"1215 Queensway E #43, Mississauga, ON L4Y 0G4, Canada",,5,18,https://kalektiv.ca/,https://mississaugainsider.ca/directory/fitness/kalektiv-5grvi8/,ChIJgxWiB0ZHK4gRS3dDJMdxr64,no,
Fitness Society,Fitness & Sports,,"307 Lakeshore Rd E, Mississauga, ON L5G 1H3, Canada",(905) 519-4625,5,15,https://fitnesssociety.ca/,https://mississaugainsider.ca/directory/fitness/fitness-society-x3pw0r/,ChIJ1YKGqcVHK4gRl70SFRY4wnI,no,
BuffBoy Fitness,Fitness & Sports,,"1111 Meadowgrove Ct, Mississauga, ON L5W 1J2, Canada",(647) 858-6944,5,13,http://www.buffboy.ca/#,https://mississaugainsider.ca/directory/fitness/buffboy-fitness-dv3fq4/,ChIJ4UnhAIpDK4gRKy5tQAt3cGM,no,
Tempo Fitness & Performance,Fitness & Sports,,"2290 Dixie Rd, Mississauga, ON L4Y 1Z4, Canada",(416) 524-0845,5,10,https://www.raiseyourtempo.com/,https://mississaugainsider.ca/directory/fitness/tempo-fitness-and-performance-8c2tsf/,ChIJGby1DJhHK4gRQxGNcyPGw-s,no,
Fitness with Kenneth Miller - Certified Personal Trainer,Fitness & Sports,,"Hurontario St, Mississauga, ON L5B 2C9, Canada",(647) 548-8896,5,3,https://instagram.com/fitnesswithkenneth,https://mississaugainsider.ca/directory/fitness/fitness-with-kenneth-miller-certified-personal-trainer-muv8ul/,ChIJ1XuXWjNHK4gRbv1SPTuBPPE,no,
Reid Method Pilates,Fitness & Sports,,"3105 Unity Dr Unit 16, Mississauga, ON L5L 4L2, Canada",(416) 567-7343,5,2,https://calendly.com/personalvictory/privatesession,https://mississaugainsider.ca/directory/fitness/reid-method-pilates-g8aygw/,ChIJvyPBSDhCK4gRxZ41xfFkVXo,no,
Habitual Fitness & Lifestyle,Fitness & Sports,,"3611 Mavis Rd, Mississauga, ON L5C 1T7, Canada",(905) 232-5222,4.9,479,https://www.habitual.ca/,https://mississaugainsider.ca/directory/fitness/habitual-fitness-and-lifestyle-30j3kg/,ChIJTdHjptJGK4gRJP0NMZ29hxE,no,
F45 Training Streetsville,Fitness & Sports,,"128 Queen St S #24, Mississauga, ON L5M 1K8, Canada",(416) 655-9364,4.9,273,https://f45training.com/ca/studio/streetsville/,https://mississaugainsider.ca/directory/fitness/f45-training-streetsville-p9mufb/,ChIJVS2SOP1BK4gRkNvlDCb3G2E,no,
High Octane Training,Fitness & Sports,,"3105 Unity Dr Unit 16, Mississauga, ON L5L 4L3, Canada",(905) 828-8811,4.9,215,http://www.highoctanetraining.ca/,https://mississaugainsider.ca/directory/fitness/high-octane-training-k9yjbj/,ChIJvRg_UThCK4gRq9FDzHfnbtE,no,
Hawkestone Fitness,Fitness & Sports,,"3555 Hawkestone Rd, Mississauga, ON L5C 2V1, Canada",(647) 502-2275,4.9,123,https://www.hawkestonefitness.com/,https://mississaugainsider.ca/directory/fitness/hawkestone-fitness-qkb198/,ChIJk_Z_iDRBK4gR1AnwmKwWs3Q,no,
Mind to Body Yoga Training,Fitness & Sports,,"7268 Magistrate Terrace, Mississauga, ON L5W 1H8, Canada",(416) 527-2254,4.9,99,http://mindtobody.ca/,https://mississaugainsider.ca/directory/fitness/mind-to-body-yoga-training-joc0w5/,ChIJ-xTDPKJAK4gRVlnOF1G1z5s,no,
Quiet Bodies Pilates and Movement,Fitness & Sports,,"137 Queen St E Unit B, Mississauga, ON L5G 1N1, Canada",(647) 693-3882,4.9,91,http://www.quietbodies.com/,https://mississaugainsider.ca/directory/fitness/quiet-bodies-pilates-and-movement-psjips/,ChIJyYG5HvpHK4gR_J6cBKwTz9k,no,
Raw Fitness Health Club,Fitness & Sports,,"570 Orwell St, Mississauga, ON L5A 3V7, Canada",(647) 856-5341,4.9,77,http://www.rawfitinc.com/,https://mississaugainsider.ca/directory/fitness/raw-fitness-health-club-80bafv/,ChIJ-USzdptHK4gRSHDiAt2zb4k,no,
Sora Studio,Fitness & Sports,,"63 Queen St S Unit 8, Mississauga, ON L5M 3S9, Canada",,4.9,68,https://sorastudio.ca/,https://mississaugainsider.ca/directory/fitness/sora-studio-45jj7r/,ChIJ5RJz1AxBK4gRtigHGiH7BG4,no,
FS8 Streetsville,Fitness & Sports,,"128 Queen St S #24, Mississauga, ON L5M 1K8, Canada",(289) 904-5492,4.9,66,https://fs8.com/studio/streetsville/,https://mississaugainsider.ca/directory/fitness/fs8-streetsville-epncl9/,ChIJM4A22jpBK4gRKECrMnnxeow,no,
"House of Sweat Inc. - Mobile Personal Training, In Home Personal Training and Corporate Fitness",Fitness & Sports,,"4070 Confederation Pkwy Ste 608, Mississauga, ON L5B 0E9, Canada",(647) 988-6794,4.9,59,https://www.houseofsweat.ca/?utm_source=google&utm_medium=wix_google_business_profile&utm_campaign=3604321970689343939,https://mississaugainsider.ca/directory/fitness/house-of-sweat-inc-mobile-personal-training-in-home-personal-hz1lq3/,ChIJFSLbpdVGK4gRd8WLfeHwAbU,no,
BodyTech Wellness,Fitness & Sports,,"10 Falconer Dr #8, Mississauga, ON L5N 2P7, Canada",(905) 330-4444,4.9,48,http://bodytechwellness.ca/,https://mississaugainsider.ca/directory/fitness/bodytech-wellness-f23hgb/,ChIJiZd9VsxBK4gRz54C6h_W63s,no,
Modo Yoga Erin Mills,Fitness & Sports,,"2225 Erin Mills Pkwy Unit 21, Mississauga, ON L5K 1T9, Canada",(905) 822-0309,4.9,41,http://www.modoyogaerinmills.com/,https://mississaugainsider.ca/directory/fitness/modo-yoga-erin-mills-tztdlw/,ChIJfY-4n7JDK4gRhNT6rNCnloM,no,
Be Fit Now,Fitness & Sports,,"6810 Kitimat Rd, Mississauga, ON L5N 5M2, Canada",(416) 824-1408,4.9,35,http://www.befit-now.com/,https://mississaugainsider.ca/directory/fitness/be-fit-now-hmpz47/,ChIJ3xZNipVDK4gRM9f5UsjRclY,no,
Free Bird Gym Mississauga,Fitness & Sports,,"1331 Crestlawn Dr, Mississauga, ON L4W 2P9, Canada",(905) 238-1331,4.8,502,https://freebirdgym.com/,https://mississaugainsider.ca/directory/fitness/free-bird-gym-mississauga-e85ger/,ChIJTV3hiJY5K4gRhZtw-Sm6gyw,no,
Vive Fitness 24/7 Truscott Mississauga,Fitness & Sports,,"2425 Truscott Dr #26, Mississauga, ON L5J 2B4, Canada",(905) 916-8483,4.8,428,http://vivefitness.com/truscott-mississauga/,https://mississaugainsider.ca/directory/fitness/vive-fitness-24-7-truscott-mississauga-17fjgu/,ChIJEZ323X9EK4gR0iET_D2XUI4,no,
Vive Fitness 24/7 Applewood Plaza Mississauga,Fitness & Sports,,"1077 N Service Rd, Mississauga, ON L4Y 1A6, Canada",(647) 642-8483,4.8,172,https://vivefitness.com/1077-north-service-rd-mississauga/,https://mississaugainsider.ca/directory/fitness/vive-fitness-24-7-applewood-plaza-mississauga-o0j27f/,ChIJeTGJsaRHK4gR766JrN2ee_w,no,
L5 Health & Fitness (L5HF),Fitness & Sports,,"8, 780 Burnhamthorpe Rd W #8, Mississauga, ON L5C 3X3, Canada",(905) 232-7242,4.8,110,http://www.l5healthandfitness.com/,https://mississaugainsider.ca/directory/fitness/l5-health-and-fitness-l5hf-fzsa2n/,ChIJKbVsVDJBK4gRcl7RnIdp9k0,no,
Reforme Pilates,Fitness & Sports,,"3 Hiawatha Pkwy, Mississauga, ON L5G 3R6, Canada",(647) 406-1515,4.8,52,http://www.reformepilates.ca/,https://mississaugainsider.ca/directory/fitness/reforme-pilates-u4ni5w/,ChIJcx6Sl05HK4gRAREcS9Pjfoo,no,
REVIVE Pilates,Fitness & Sports,,"360 Revus Ave #17, Mississauga, ON L5G 4S4, Canada",(905) 891-9642,4.8,36,http://www.revivepilates.ca/,https://mississaugainsider.ca/directory/fitness/revive-pilates-10ll0p/,ChIJMxhZHRNGK4gRKLArpMdRhIA,no,
Club Pilates,Fitness & Sports,,"2575 Dundas St W Ste 2, Mississauga, ON L5K 2M6, Canada",(905) 247-7123,4.7,324,http://clubpilates.com/erinmills/?utm_source=google.com&utm_medium=referral&utm_campaign=yext,https://mississaugainsider.ca/directory/fitness/club-pilates-jek6nf/,ChIJHflVOAZDK4gRjT9oVCeNCT0,no,
Holistic BodyWorx,Fitness & Sports,,"4259 Sherwoodtowne Blvd #1, Mississauga, ON L4Z 1Y5, Canada",(905) 277-1010,4.7,293,http://www.holisticbodyworx.ca/,https://mississaugainsider.ca/directory/fitness/holistic-bodyworx-5aztv3/,ChIJWV0VljBHK4gRZZUqHH8ym_A,no,
Huf Gym Inc,Fitness & Sports,,"700 Dundas St E, Mississauga, ON L4Y 3Y5, Canada",(905) 274-4483,4.7,271,http://www.hufboxing.com/,https://mississaugainsider.ca/directory/fitness/huf-gym-inc-xqqpmy/,ChIJEckB1VpGK4gR83d8qSdHozU,no,
Lean Body Studio - Mississauga,Fitness & Sports,,"3135 Universal Dr #1-2, Mississauga, ON L4X 2E6, Canada",(416) 882-7752,4.7,194,http://www.leanbodystudio.com/,https://mississaugainsider.ca/directory/fitness/lean-body-studio-mississauga-n4z3j2/,ChIJAZUbKKA4K4gRbYOQcq_W2mk,no,
Movemint Studio,Fitness & Sports,,"327 Lakeshore Rd E, Mississauga, ON L5G 1H3, Canada",(647) 204-6589,4.7,66,https://www.movemintstudio.com/,https://mississaugainsider.ca/directory/fitness/movemint-studio-4c0y99/,ChIJ-WkRSBhHK4gRfy4epyGbR8U,no,
Courtneypark Active Living Centre,Fitness & Sports,,"730 Courtneypark Dr W, Mississauga, ON L5W 1L9, Canada",(905) 615-4780,4.7,55,https://www.mississauga.ca/recreation-and-sports/locations/courtneypark-active-living-centre/,https://mississaugainsider.ca/directory/fitness/courtneypark-active-living-centre-b7u2mm/,ChIJqXzfuHFAK4gR6g0qjW62n9o,no,
Port Credit Athletics,Fitness & Sports,,"579 Lakeshore Rd E B, Mississauga, ON L5G 0B3, Canada",(905) 271-9700,4.6,607,http://portcreditathletics.ca/,https://mississaugainsider.ca/directory/fitness/port-credit-athletics-jkit1g/,ChIJ16EhYSRGK4gRZ8wj_uzpYXQ,no,
Fitness by the Lake Inc.,Fitness & Sports,,"160 Lakeshore Rd E, Mississauga, ON L5G 1G1, Canada",(905) 990-2083,4.6,16,http://www.fitnessbythelake.com/,https://mississaugainsider.ca/directory/fitness/fitness-by-the-lake-inc-msrmqk/,ChIJYzrFr9NFK4gRCFhypfIdfPY,no,
Meadowvale Community Centre,Fitness & Sports,,"6655 Glen Erin Dr, Mississauga, ON L5N 3L4, Canada",(905) 615-4710,4.5,2445,https://web.mississauga.ca/recreation-and-sports/locations/meadowvale-community-centre/,https://mississaugainsider.ca/directory/fitness/meadowvale-community-centre-dw3hm9/,ChIJIWTfw25qK4gRTjZu2r40jlQ,no,
Orangetheory Fitness,Fitness & Sports,,"515 Lakeshore Rd E, Mississauga, ON L5G 1H9, Canada",(905) 277-2876,4.5,188,https://www.orangetheory.com/en-ca/locations/mississauga-ontario-can038,https://mississaugainsider.ca/directory/fitness/orangetheory-fitness-90o8cr/,ChIJ9Z1VUCNGK4gR9LqeUZqNlrA,no,
Club Pilates,Fitness & Sports,,"3029 Argentia Rd #101, Mississauga, ON L5N 8P7, Canada",(289) 327-3117,4.5,13,http://www.clubpilates.com/location/meadowvale/?utm_source=google.com&utm_medium=referral&utm_campaign=yext,https://mississaugainsider.ca/directory/fitness/club-pilates-fvmumd/,ChIJbeJaFFRrK4gRFt2Lr6eVtcE,no,
One Health Clubs,Fitness & Sports,,"2021 Cliff Rd, Mississauga, ON L5A 0A7, Canada",(905) 275-0610,4.4,1243,http://www.onehealthclubs.com/,https://mississaugainsider.ca/directory/fitness/one-health-clubs-8f4wva/,ChIJdYa7YE5GK4gR9U0bh1n8XsE,no,
Erin Meadows Community Centre,Fitness & Sports,,"2800 Erin Centre Blvd, Mississauga, ON L5M 5Z7, Canada",(905) 615-4750,4.4,1017,https://web.mississauga.ca/recreation-and-sports/locations/erin-meadows-community-centre/,https://mississaugainsider.ca/directory/fitness/erin-meadows-community-centre-8m8l4g/,ChIJ0d-HqopBK4gRelTg6JX7bCw,no,
Fit4Less,Fitness & Sports,,"3900 Grand Park Dr, Mississauga, ON L5B 4M6, Canada",(905) 615-0949,4.4,572,https://www.fit4less.ca/locations/provinces/ontario/mississauga/mississauga-grand-park-drive?utm_source=G&utm_medium=lpm&utm_campaign=fit4less,https://mississaugainsider.ca/directory/fitness/fit4less-w41uwm/,ChIJPVW9rj5HK4gR-hs1A2IveVk,no,
Olympia Muscle & Fitness,Fitness & Sports,,"Rockwood Mall, 4141 Dixie Rd, Mississauga, ON L4W 1V5, Canada",(905) 624-3075,4.4,192,http://olympiamuscleandfitness.com/,https://mississaugainsider.ca/directory/fitness/olympia-muscle-and-fitness-i8iscg/,ChIJ5do6G344K4gR2gAXsj67AY8,no,
Anytime Fitness,Fitness & Sports,,"1150 Lorne Park Rd, Mississauga, ON L5H 3A7, Canada",(905) 271-3300,4.4,166,https://www.anytimefitness.ca/gyms/2635/mississauga-on-l5h-3a7/?utm_source=google&utm_medium=organic-businesslisting&utm_campaign=gbp-listing&utm_content=2635,https://mississaugainsider.ca/directory/fitness/anytime-fitness-7idt6o/,ChIJ740gZTdEK4gRO2ETcVGKQHI,no,
Fitcourts Mississauga,Fitness & Sports,,"3545 Odyssey Dr Unit 14, Mississauga, ON L5M 2S4, Canada",(647) 556-0115,4.4,119,https://fitcourts.com/,https://mississaugainsider.ca/directory/fitness/fitcourts-mississauga-risbs9/,ChIJBV1znJ1DK4gR0-Amxr4NaBM,no,
Fit4Less,Fitness & Sports,,"3050 Vega Blvd Block C, Unit 8C, Mississauga, ON L5L 5X8, Canada",(905) 607-1189,4.4,73,https://www.fit4less.ca/locations/provinces/ontario/mississauga/mississauga-vega?utm_source=G&utm_medium=lpm&utm_campaign=fit4less,https://mississaugainsider.ca/directory/fitness/fit4less-bsobb5/,ChIJe88zCABDK4gRPg4WKihs_AU,no,
Stacked Pilates & Dance,Fitness & Sports,,"80 Absolute Ave, Mississauga, ON L4Z 0A5, Canada",(905) 275-7822,4.4,19,http://stackedpilatesdance.com/,https://mississaugainsider.ca/directory/fitness/stacked-pilates-and-dance-40wtj3/,ChIJqWI1vyRHK4gR3xZUHW-wTns,no,
Malton Community Centre,Fitness & Sports,,"3540 Morning Star Dr, Mississauga, ON L4T 1Y2, Canada",(905) 615-4640,4.3,1116,https://web.mississauga.ca/recreation-and-sports/locations/malton-community-centre/,https://mississaugainsider.ca/directory/fitness/malton-community-centre-n6kr6u/,ChIJMW9AdpI7K4gRqLke00QwrpE,no,
GoodLife Fitness Mississauga Meadowvale Town Centre,Fitness & Sports,,"6875 Meadowvale Town Centre Cir, Mississauga, ON L5N 2W7, Canada",(905) 858-5548,4.3,1015,https://www.goodlifefitness.com/clubs/club.246.html?utm_source=G&utm_medium=LPM&utm_campaign=GoodlifeFitness,https://mississaugainsider.ca/directory/fitness/goodlife-fitness-mississauga-meadowvale-town-centre-n8tmmw/,ChIJYwe5SmpqK4gRGVV9jiH-MKo,no,
SkyFitness,Fitness & Sports,,"3345 Laird Rd #3, Mississauga, ON L5L 5R6, Canada",(905) 569-9991,4.3,233,https://skyfitness.ca/,https://mississaugainsider.ca/directory/fitness/skyfitness-syvcst/,ChIJ-ZvcSA9DK4gRX4JimISw6ts,no,
Fit4Less,Fitness & Sports,,"2150 Burnhamthorpe Rd W Unit 18, Mississauga, ON L5L 3A1, Canada",(905) 820-7510,4.3,142,https://www.fit4less.ca/locations/provinces/ontario/mississauga/mississauga-south-commons?utm_source=G&utm_medium=lpm&utm_campaign=fit4less,https://mississaugainsider.ca/directory/fitness/fit4less-j9w7z7/,ChIJjbGJJz5DK4gRuprPTc2fFbo,no,
LA Fitness,Fitness & Sports,,"40 Annagem Blvd, Mississauga, ON L5T 2Y3, Canada",(905) 696-6939,4.2,1376,https://www.lafitness.com/Pages/clubhome.aspx?clubid=483&utm_source=google&utm_medium=googlemaps&utm_campaign=maps,https://mississaugainsider.ca/directory/fitness/la-fitness-ggwzqs/,ChIJU_wpMnk_K4gRb6tbmvioDZM,no,
Wynn Fitness Meadowvale,Fitness & Sports,,"6750 Mississauga Rd, Mississauga, ON L5N 2L3, Canada",(905) 997-9166,4.2,1098,https://www.wynnfitness.com/,https://mississaugainsider.ca/directory/fitness/wynn-fitness-meadowvale-fgv12h/,ChIJ3bUMwLdrK4gRifHLyvYxNMI,no,
Anytime Fitness,Fitness & Sports,,"5602 Tenth Line W, Mississauga, ON L5M 7L9, Canada",(905) 812-7669,4.2,405,https://www.anytimefitness.ca/gyms/1818/mississauga-on-l5m-7l9/?utm_source=google&utm_medium=organic-businesslisting&utm_campaign=gbp-listing&utm_content=1818,https://mississaugainsider.ca/directory/fitness/anytime-fitness-if8s6o/,ChIJfSmNLABqK4gR5c4bPcqRvAw,no,
MOVATI Athletic Mississauga,Fitness & Sports,,"6685 Century Ave, Mississauga, ON L5N 0C9, Canada",(416) 410-8888,4.1,1274,http://www.movatiathletic.com/,https://mississaugainsider.ca/directory/fitness/movati-athletic-mississauga-tiddek/,ChIJWc9btBprK4gRSOLyJYAjV-s,no,
Fit4Less,Fitness & Sports,,"6991 Millcreek Dr, Mississauga, ON L5N 6B9, Canada",(905) 814-9222,4.1,631,https://www.fit4less.ca/locations/provinces/ontario/mississauga/mississauga-millcreek-and-derry?utm_source=G&utm_medium=lpm&utm_campaign=fit4less,https://mississaugainsider.ca/directory/fitness/fit4less-y7dev4/,ChIJ8aMF1GFqK4gR9RfhJnaAtOw,no,
Meadowvale South Recreation Centre,Fitness & Sports,,"6600 Falconer Dr, Mississauga, ON L5N 1M2, Canada",,4.1,12,,https://mississaugainsider.ca/directory/fitness/meadowvale-south-recreation-centre-gu5x09/,ChIJqW6UUqZBK4gRXwEDqTIDEE8,no,
LA Fitness,Fitness & Sports,,"3055 Vega Blvd, Mississauga, ON L5L 5Y3, Canada",(289) 814-0399,4,2254,https://www.lafitness.com/Pages/clubhome.aspx?clubid=1152&utm_source=google&utm_medium=googlemaps&utm_campaign=maps,https://mississaugainsider.ca/directory/fitness/la-fitness-xvmtu8/,ChIJuSy4GapDK4gRI2I94EQmw44,no,
GoodLife Fitness Mississauga Heartland Town Centre,Fitness & Sports,,"785 Britannia Rd W #3, Mississauga, ON L5V 2Y1, Canada",(905) 816-1964,3.9,1779,https://www.goodlifefitness.com/clubs/club.341.html?utm_source=G&utm_medium=LPM&utm_campaign=GoodlifeFitness,https://mississaugainsider.ca/directory/fitness/goodlife-fitness-mississauga-heartland-town-centre-j2at8i/,ChIJkXRvFV5AK4gRF-qJpr3DqE0,no,
LA Fitness,Fitness & Sports,,"3100 Dixie Rd Ste 14a, Mississauga, ON L4Y 2A6, Canada",(289) 724-0135,3.9,1086,https://www.lafitness.com/Pages/clubhome.aspx?clubid=1129&utm_source=google&utm_medium=googlemaps&utm_campaign=maps,https://mississaugainsider.ca/directory/fitness/la-fitness-wtishc/,ChIJo55R78hUV0AR-0EAGAgRlkU,no,
PowerHouse Gym Mississauga,Fitness & Sports,,"3450 Ridgeway Dr Unit 17, Mississauga, ON L5L 0A2, Canada",(905) 569-8018,3.9,750,http://powerhousegymmississauga.ca/,https://mississaugainsider.ca/directory/fitness/powerhouse-gym-mississauga-4khpkd/,ChIJtxArALVDK4gRUl8i16-RYSA,no,
National Gym & Fitness Centre,Fitness & Sports,,"220 Humberline Dr #12b, Etobicoke, ON M9W 5Y4, Canada",(416) 679-0990,3.9,200,https://nationalgymandfitnesscenter.com/,https://mississaugainsider.ca/directory/fitness/national-gym-and-fitness-centre-8wou6f/,ChIJaRhYbAA7K4gRft7v63j-GSQ,no,
Life Time,Fitness & Sports,,"3055 Pepper Mill Ct, Mississauga, ON L5L 4L3, Canada",(905) 363-0200,3.8,1490,https://www.lifetime.life/locations/on/mississauga.html?utm_source=google&utm_medium=local&utm_campaign=google-local-club,https://mississaugainsider.ca/directory/fitness/life-time-0lh2zv/,ChIJnYeP6ilHK4gRE_zzuDo1v0o,no,
Mississauga YMCA,Fitness & Sports,,"325 Burnhamthorpe Rd W, Mississauga, ON L5B 3R2, Canada",(905) 897-9622,3.7,351,https://www.ymcagta.org/find-a-y/mississauga-ymca,https://mississaugainsider.ca/directory/fitness/mississauga-ymca-q3w1oc/,ChIJq2r0FNZGK4gRJkjQeS-Q7Bo,no,
Crunch Fitness - Mississauga,Fitness & Sports,,"6460 Millcreek Dr, Mississauga, ON L5N 2V6, Canada",(905) 821-9987,3.5,1193,https://www.crunchfitness.ca/locations/mississauga,https://mississaugainsider.ca/directory/fitness/crunch-fitness-mississauga-nt3pis/,ChIJX3Ysq3lqK4gRFpml7kZbo00,no,
Mississauga Glen Erin & Eglinton Co-Ed + For Women Club,Fitness & Sports,,"5010 Glen Erin Dr, Mississauga, ON L5M 6J3, Canada",(905) 607-2610,3.5,572,https://www.goodlifefitness.com/clubs/club.361.html?utm_source=G&utm_medium=LPM&utm_campaign=GoodlifeFitness,https://mississaugainsider.ca/directory/fitness/mississauga-glen-erin-and-eglinton-co-ed-for-women-club-t9vdqv/,ChIJoeH1eyBCK4gRN_znUWnWCf8,no,
Fit4Less,Fitness & Sports,,"7205 Goreway Dr, Mississauga, ON L4T 0B4, Canada",(905) 673-6807,3.1,745,https://www.fit4less.ca/locations/provinces/ontario/mississauga/mississauga-westwood?utm_source=G&utm_medium=lpm&utm_campaign=fit4less,https://mississaugainsider.ca/directory/fitness/fit4less-1a4wfo/,ChIJnQV0Ou07K4gRrav9LQXCu4Y,no,
Room 38,Fitness & Sports,,"465 Burnhamthorpe Rd W, Mississauga, ON L5B 0J8, Canada",,,,http://room38.ca/,https://mississaugainsider.ca/directory/fitness/room-38-golffx/,ChIJUcFfDABBK4gRiSbtrqGUJPA,no,
Karl’s Auto Clinic Inc.,Auto Services,,"275 Dundas St E, Mississauga, ON L5A 1X1, Canada",(416) 567-3277,5,443,,https://mississaugainsider.ca/directory/auto/karl-s-auto-clinic-inc-wrd1mb/,ChIJEbzjVfxHK4gR9B8VbnPjMKE,no,
YST TUNING Auto Mechanic,Auto Services,,"3390 Wolfedale Rd #1, Mississauga, ON L5C 1W4, Canada",(905) 276-3390,5,398,http://www.ysttuning.com/,https://mississaugainsider.ca/directory/auto/yst-tuning-auto-mechanic-wi50fz/,ChIJ63n9c4lHK4gRRFi-xvGxd4E,no,
Filter Auto Repair,Auto Services,,"1700 Sismet Rd Unit 1B, Mississauga, ON L4W 1R4, Canada",(647) 461-3240,5,344,https://filterautorepair.com/,https://mississaugainsider.ca/directory/auto/filter-auto-repair-gjloe0/,ChIJyVJVn805K4gRui1UgJ6cxys,no,
Simplicity Car Care Mississauga Central Collision Centre,Auto Services,,"885 Central Pkwy W, Mississauga, ON L5C 2V9, Canada",(905) 276-5523,5,218,https://simplicitycarcare.ca/auto-collision-center-locations/simplicity-car-care-mississauga-central/,https://mississaugainsider.ca/directory/auto/simplicity-car-care-mississauga-central-collision-centre-wgy1wj/,ChIJcZtDJ5ZBK4gRsGx5B4nEji0,no,
Streetsville Auto & Detailing,Auto Services,,"36 William St, Mississauga, ON L5M 1J3, Canada",(905) 567-0004,5,136,https://streetsville-auto.com/,https://mississaugainsider.ca/directory/auto/streetsville-auto-and-detailing-7prgk9/,ChIJB_ZJrZFBK4gRS8JXi5qmbW4,no,
H.S Auto mobile mechanic,Auto Services,,"5100 Erin Mills Pkwy, Mississauga, ON L5M 4Z5, Canada",(647) 510-4400,5,109,https://www.hsautomechanic.ca/,https://mississaugainsider.ca/directory/auto/h-s-auto-mobile-mechanic-fdkyqd/,ChIJ05wwGRmeQqgROf2dEa1Jt1I,no,
Eastgate Auto Repair,Auto Services,,"5285 Maingate Dr, Mississauga, ON L4W 1G8, Canada",(905) 212-7071,5,101,https://www.eastgateautorepair.com/,https://mississaugainsider.ca/directory/auto/eastgate-auto-repair-itb26f/,ChIJv_iURb45K4gRImGZSbPIedE,no,
Salem's Auto Mobile Mechanic -Auto Repair Services,Auto Services,,"Erin Mills Pkwy, Mississauga, ON L5L 5Z5, Canada",(437) 450-3060,5,76,http://salemsauto.com/,https://mississaugainsider.ca/directory/auto/salem-s-auto-mobile-mechanic-auto-repair-services-040zxy/,ChIJrUWmWIpDK4gRuXWUD2tEOQQ,no,
Velocity Garage Mechanic shop,Auto Services,,"260 Dundas St W B, Mississauga, ON M7A 1G1, Canada",(647) 203-9575,5,40,http://velocitygarage.ca/,https://mississaugainsider.ca/directory/auto/velocity-garage-mechanic-shop-yuiqg8/,ChIJJaZpmG5HK4gRKQruVCtiGQQ,no,
streetsidemechanic,Auto Services,,"6677 Meadowvale Town Centre Mississauga ON L5N 2R5, Mississauga, ON L5N 2R7, Canada",(437) 881-4315,5,29,,https://mississaugainsider.ca/directory/auto/streetsidemechanic-x4xxik/,ChIJcdgE8TZLoiQRMsonCtlKrjg,no,
A.Tech Auto Repairs,Auto Services,,"3570 Wolfedale Rd Unit B, Mississauga, ON L5C 2V6, Canada",(647) 606-3329,5,20,http://www.atechautorepairs.ca/,https://mississaugainsider.ca/directory/auto/a-tech-auto-repairs-f15yt3/,ChIJsVNFFl1BK4gRhd_XLEwMW5E,no,
FIX AUTO ERIN MILLS,Auto Services,,"2365 Motorway Blvd, Mississauga, ON L5L 2M4, Canada",(905) 828-9269,5,6,https://fixauto.com/ca/en/shop/fix-auto-erin-mills/,https://mississaugainsider.ca/directory/auto/fix-auto-erin-mills-8xrvmj/,ChIJ-67aUGtDK4gRTKGSeAHZ-Uc,no,
Jo Auto Service,Auto Services,,"3211 Wolfedale Rd Unit 3, Mississauga, ON L5C 1V8, Canada",(905) 275-5858,4.9,576,https://joautoservice.com/,https://mississaugainsider.ca/directory/auto/jo-auto-service-zzuzxm/,ChIJR4HMTLZGK4gRmExdZWq-p8U,no,
Royal Windsor Auto Service,Auto Services,,"2133 Royal Windsor Dr, Mississauga, ON L5J 1K5, Canada",(905) 822-2886,4.9,481,https://royalwindsorauto.ca/,https://mississaugainsider.ca/directory/auto/royal-windsor-auto-service-e7b0eu/,ChIJa4spiolEK4gRanlBGNuI_sQ,no,
One World Auto Services,Auto Services,,"3555 Hawkestone Rd Unit C, Mississauga, ON L5C 2V1, Canada",(416) 887-6885,4.9,443,,https://mississaugainsider.ca/directory/auto/one-world-auto-services-oomety/,ChIJx_IiqzVBK4gRhvs0v3yzkf0,no,
Stella Automotive,Auto Services,,"1146 Westport Crescent #8, Mississauga, ON L5T 1G1, Canada",(416) 562-8985,4.9,344,http://stellaauto.ca/,https://mississaugainsider.ca/directory/auto/stella-automotive-c3azqr/,ChIJYWVY5zA_K4gR_R9V1HXo4nI,no,
Shah Motors & Auto Mechanic – DriveON Safety Inspection Centre - 24 Hour Mechanic & Oil Change,Auto Services,,"1400 Aimco Blvd Unit # 25, Mississauga, ON L4W 1B2, Canada",(647) 564-4339,4.9,313,http://www.shahmotors.ca/,https://mississaugainsider.ca/directory/auto/shah-motors-and-auto-mechanic-driveon-safety-inspection-cent-bnn4z0/,ChIJ_QmP3sJrK4gRENb0UHMLsW0,no,
Autotex Service Centre Ltd.,Auto Services,,"909 Lakeshore Rd E, Mississauga, ON L5E 1E2, Canada",(905) 990-8585,4.9,280,http://www.autotex.ca/,https://mississaugainsider.ca/directory/auto/autotex-service-centre-ltd-o5vnch/,ChIJQ4QCEMVHK4gReG7Qx9iJTcg,no,
Next Auto Services,Auto Services,,"2175 Dunwin Dr Unit 1A, Mississauga, ON L5L 1X2, Canada",(647) 889-7102,4.9,256,,https://mississaugainsider.ca/directory/auto/next-auto-services-h61igk/,ChIJF4GRnupDK4gRXpfirvfKbaE,no,
Fewster Automotive,Auto Services,,"1075 Fewster Dr Unit 1, Mississauga, ON L4W 1A2, Canada",(905) 614-0288,4.9,249,http://fewsterautomotive.com/,https://mississaugainsider.ca/directory/auto/fewster-automotive-fdokjk/,ChIJefT6uZ44K4gR2KMKBw5qc18,no,
My Garage Inc. Mississauga Mechanic & Auto Repair Shop,Auto Services,,"3300 Mavis Rd Unit 2, Mississauga, ON L5C 1T8, Canada",(905) 566-0114,4.9,197,https://www.mississaugamechanic.com/,https://mississaugainsider.ca/directory/auto/my-garage-inc-mississauga-mechanic-and-auto-repair-shop-pwuuew/,ChIJlZxK-Q5HK4gRSHVcMiXweSU,no,
Carlito Auto Repair,Auto Services,,"2570 Haines Rd UNIT 15, Mississauga, ON L4Y 4A3, Canada",(647) 273-6144,4.9,162,,https://mississaugainsider.ca/directory/auto/carlito-auto-repair-nta57o/,ChIJMSKe5chGK4gRJ_gaFx0vi0Y,no,
Topline Auto Repair,Auto Services,,"2320 Dixie Rd #1, Mississauga, ON L4Y 1Z4, Canada",(905) 306-0763,4.9,161,,https://mississaugainsider.ca/directory/auto/topline-auto-repair-z6sfrl/,ChIJC3Y2r_RHK4gRDEdU3V-T388,no,
Schueler Auto Service,Auto Services,,"64 Thomas St Unit 4, Mississauga, ON L5M 1Y7, Canada",(905) 858-2449,4.9,148,http://www.schuelerautoservice.com/,https://mississaugainsider.ca/directory/auto/schueler-auto-service-hnn6kn/,ChIJybvRKb9BK4gRVW6fD86VTa8,no,
HPower Auto Repair,Auto Services,,"2458 Haines Rd, Mississauga, ON L4Y 1Y6, Canada",(905) 273-4999,4.9,121,https://www.facebook.com/groups/245621047143427,https://mississaugainsider.ca/directory/auto/hpower-auto-repair-y6v0hp/,ChIJpYQJO81HK4gRzn5SUcfb6Xw,no,
NEXTUNE,Auto Services,,"3555 Hawkestone Rd, Mississauga, ON L5C 2V1, Canada",(647) 564-2228,4.9,120,,https://mississaugainsider.ca/directory/auto/nextune-u5c1ly/,ChIJ851DjItHK4gR5MS7rMgeVR4,no,
Deniese Auto Tech,Auto Services,,"6295 Mississauga Rd, Mississauga, ON L5N 1A5, Canada",(905) 593-8899,4.9,99,,https://mississaugainsider.ca/directory/auto/deniese-auto-tech-x82efo/,ChIJmdpd7NJBK4gRzHUZYQwrw4k,no,
Sid Mobile Mechanic,Auto Services,,"3921 Burdette Terrace, Mississauga, ON L5M 7Z1, Canada",(905) 236-0786,4.9,92,,https://mississaugainsider.ca/directory/auto/sid-mobile-mechanic-5zkt0v/,ChIJk_KKrEppK4gRGzffQk2KtAc,no,
Unity Pro Auto Service,Auto Services,,"3105 Unity Dr Unit 1, Mississauga, ON L5L 4X4, Canada",(905) 569-8400,4.9,82,https://www.facebook.com/UnityProAuto,https://mississaugainsider.ca/directory/auto/unity-pro-auto-service-r0064s/,ChIJn6pYOzhCK4gRxWz1gT0T2GY,no,
Way Better Automotive,Auto Services,,"3443 Wolfedale Rd #1, Mississauga, ON L5C 1V8, Canada",(905) 609-4044,4.9,81,,https://mississaugainsider.ca/directory/auto/way-better-automotive-ldoqww/,ChIJoVVEVedHK4gRlszcMBdzyDI,no,
Mo's Onsite Auto Fix,Auto Services,,"55 Elm Dr W, Mississauga, ON L5B 3Z3, Canada",(647) 770-1746,4.9,64,https://mechanicsondemand.ca/,https://mississaugainsider.ca/directory/auto/mo-s-onsite-auto-fix-prud8q/,ChIJu50DHXdHK4gRiBQcXZ8vYGE,no,
STR Auto,Auto Services,,"473 Hensall Cir, Mississauga, ON L5A 1X9, Canada",(647) 618-3604,4.9,47,,https://mississaugainsider.ca/directory/auto/str-auto-767cmg/,ChIJb-LQCbFHK4gR5xASXd8DN5g,no,
1Click Auto Mobile Services,Auto Services,,"Mississauga Rd, Mississauga, ON L4T 1A6, Canada",(365) 998-9930,4.9,22,https://automobileservices.ca/,https://mississaugainsider.ca/directory/auto/1click-auto-mobile-services-i703v9/,ChIJw2uxbXE7K4gRb1sDffP98J0,no,
Johnston & Magwood Tires and Auto,Auto Services,,"700 Burnhamthorpe Rd W, Mississauga, ON L5C 2R9, Canada",(905) 277-3143,4.8,1561,http://www.johnstonandmagwood.ca/,https://mississaugainsider.ca/directory/auto/johnston-and-magwood-tires-and-auto-vrt36o/,ChIJCbBkYC1BK4gRs4zdXV-if1M,no,
mechaniQ - Winston Churchill Auto Repair and Tires,Auto Services,,"3087 Winston Churchill Blvd, Mississauga, ON L5L 2V8, Canada",(905) 828-4463,4.8,684,http://www.mechaniq.ca/,https://mississaugainsider.ca/directory/auto/mechaniq-winston-churchill-auto-repair-and-tires-dcj32e/,ChIJDSScRKVDK4gRI4zf_OccBDo,no,
Sal's Auto Service Centre,Auto Services,,"526 South Service Rd Between Cawthra, Hurontario St, Mississauga, ON L5G 2S6, Canada",(905) 274-2205,4.8,681,http://www.salsautos.ca/,https://mississaugainsider.ca/directory/auto/sal-s-auto-service-centre-cpvs0v/,ChIJR5vf7EtGK4gRnBHY9i67vhU,no,
NewCastle Auto Repairs,Auto Services,,"57 Queen St N, Mississauga, ON L5N 1A2, Canada",(437) 900-8911,4.8,470,https://www.newcastleautorepairs.ca/,https://mississaugainsider.ca/directory/auto/newcastle-auto-repairs-pw6tqu/,ChIJi3hMNyNBK4gR5wwNMp4zg6o,no,
T&T Auto,Auto Services,,"1625 Trinity Dr #5, Mississauga, ON L5T 1K4, Canada",(289) 562-0009,4.8,421,,https://mississaugainsider.ca/directory/auto/t-and-t-auto-bdnw08/,ChIJlX497NQ4K4gRiz6GtWNKt8s,no,
Lakeshore Auto Clinic,Auto Services,,"456 Lakeshore Rd E, Mississauga, ON L5G 1J1, Canada",(905) 817-8166,4.8,308,http://lakeshoreautoclinic.com/,https://mississaugainsider.ca/directory/auto/lakeshore-auto-clinic-xr6a25/,ChIJX99_JSNGK4gRjdUpWsj-F5s,no,
Independent Automotive Repairs Ltd,Auto Services,,"6295 Mississauga Rd, Mississauga, ON L5N 1A5, Canada",(905) 858-3398,4.8,215,,https://mississaugainsider.ca/directory/auto/independent-automotive-repairs-ltd-0deuu4/,ChIJmdpd7NJBK4gRs-LrQQYqM50,no,
Auto Trust Centre,Auto Services,,"5040 Maingate Dr #1, Mississauga, ON L4W 1X5, Canada",(905) 206-1276,4.8,181,http://www.autotrustcentre.ca/,https://mississaugainsider.ca/directory/auto/auto-trust-centre-rxp086/,ChIJr3IFopg4K4gRxXXOSxQMOnc,no,
Kerr's Auto Body & Repair,Auto Services,,"3364 Mavis Rd #5, Mississauga, ON L5C 1T8, Canada",(905) 272-8844,4.8,152,https://exoticautomotive.ca/index.html,https://mississaugainsider.ca/directory/auto/kerr-s-auto-body-and-repair-35qxn3/,ChIJa9rQOclGK4gR_AUHW75CELY,no,
Woodchester Auto Service,Auto Services,,"3090 Woodchester Dr #2, Mississauga, ON L5L 1W9, Canada",(905) 569-9559,4.8,142,https://www.woodchesterauto.com/,https://mississaugainsider.ca/directory/auto/woodchester-auto-service-5enmdk/,ChIJZy7G7rtDK4gRY8mI7O-r4kk,no,
5 Speed Auto & Repair,Auto Services,,"1400 Aimco Blvd Unit 37, Mississauga, ON L4W 1B2, Canada",(905) 921-0955,4.8,137,https://5speedauto.ca/,https://mississaugainsider.ca/directory/auto/5-speed-auto-and-repair-5my0qs/,ChIJB8PVSR93LIgRLoeXKXBJgDo,no,
All Pro Auto Service & Glass,Auto Services,,"7, 2485 Dunwin Dr #7, Mississauga, ON L5L 1T1, Canada",(905) 607-8669,4.8,129,https://allproauto.ca/,https://mississaugainsider.ca/directory/auto/all-pro-auto-service-and-glass-ddmfws/,ChIJfaRnbrlDK4gR3OkmBSXdMDw,no,
Nico's Auto Repairs & Services Inc,Auto Services,,"3364 Mavis Rd, Mississauga, ON L5C 1T8, Canada",(905) 306-0704,4.8,106,,https://mississaugainsider.ca/directory/auto/nico-s-auto-repairs-and-services-inc-ui5dqq/,ChIJa9rQOclGK4gRb4ljM4wQXFQ,no,
Complete Auto Repair Specialist,Auto Services,,"3545 Hawkestone Rd #7, Mississauga, ON L5C 2V1, Canada",(647) 530-7760,4.8,98,,https://mississaugainsider.ca/directory/auto/complete-auto-repair-specialist-cim7ld/,ChIJXUs4LiZBK4gRzMjVzo7c87M,no,
Fam's Automotive Inc.,Auto Services,,"1885 Sismet Rd Unit 6N, Mississauga, ON L4W 1W8, Canada",(647) 785-4560,4.8,70,,https://mississaugainsider.ca/directory/auto/fam-s-automotive-inc-dab87r/,ChIJX4BftBQ5K4gRYN2rD0T7K-I,no,
BHZ Auto - Mechanics in Mississauga | Auto Repairs and Car service | 15+ years Auto dealership experience professionals,Auto Services,,"3545 Hawkestone Rd #1, Mississauga, ON L5C 2V1, Canada",(416) 936-4630,4.8,52,https://bhzauto.ca/,https://mississaugainsider.ca/directory/auto/bhz-auto-mechanics-in-mississauga-auto-repairs-and-car-servi-dm7w7c/,ChIJzeUTq3pBK4gRPpuYdyHFFfw,no,
J & J Auto Repair & Sales,Auto Services,,"100 Emby Dr, Mississauga, ON L5M 1H6, Canada",(437) 980-8637,4.8,6,,https://mississaugainsider.ca/directory/auto/j-and-j-auto-repair-and-sales-vnn39u/,ChIJCyAlDYFBK4gRfqNI4isskgU,no,
TJF Auto Services Inc.,Auto Services,,"3211 Wolfedale Rd #1, Mississauga, ON L5C 1V8, Canada",(905) 848-6872,4.7,978,https://tjfauto.com/,https://mississaugainsider.ca/directory/auto/tjf-auto-services-inc-6k5ddc/,ChIJE4F3AcpGK4gR55BMQPvINWE,no,
Speedy Auto Service Erin Mills,Auto Services,,"2145 Dundas St W, Mississauga, ON L5K 2E2, Canada",(905) 828-2351,4.7,346,https://www.speedy.com/en-ca/shop/erin-mills/,https://mississaugainsider.ca/directory/auto/speedy-auto-service-erin-mills-e2bw2v/,ChIJ36BmDetDK4gRcYwenB2B3C8,no,
Ken Champ Auto Inc,Auto Services,,"40 Queen St N, Mississauga, ON L5N 1A1, Canada",(905) 813-0358,4.7,172,http://www.kenchampauto.com/,https://mississaugainsider.ca/directory/auto/ken-champ-auto-inc-ce4o85/,ChIJTzAHm85BK4gRGWPw7kE5Zs8,no,
AEZ Auto Repair Centre,Auto Services,,"5235 Mississauga Rd, Mississauga, ON L5M 2L9, Canada",(905) 463-0260,4.7,102,https://trusted-wheel-fix.lovable.app/,https://mississaugainsider.ca/directory/auto/aez-auto-repair-centre-867brj/,ChIJN_KYhItBK4gRROmjpqRr0SU,no,
Meadowvale Auto Repair,Auto Services,,"1705 Argentia Rd Unit# 4, Mississauga, ON L5N 3A9, Canada",(905) 821-4992,4.6,440,https://marsautoservice.ca/?utm_source=google&utm_medium=organic&utm_campaign=google-maps,https://mississaugainsider.ca/directory/auto/meadowvale-auto-repair-e454cq/,ChIJ5TyDEiVAK4gRupxhBX7Kujg,no,
Master Mechanic Meadowvale,Auto Services,,"6707 Winston Churchill Blvd, Mississauga, ON L5N 3W2, Canada",(905) 821-2353,4.6,436,https://mastermechanic.ca/location/mississaugameadowvale/?utm_source=google_business_profile&utm_medium=organic&utm_campaign=shop_listing&utm_content=mississaugameadowvale,https://mississaugainsider.ca/directory/auto/master-mechanic-meadowvale-5jvj7n/,ChIJqwDt30FqK4gRoJgOXPUbNnc,no,
Master Mechanic Erin Mills,Auto Services,,"2292 Dundas St W, Mississauga, ON L5K 1R5, Canada",(905) 822-2555,4.6,249,https://mastermechanic.ca/location/mississaugaerinmills/?utm_source=google_business_profile&utm_medium=organic&utm_campaign=shop_listing&utm_content=mississaugaerinmills,https://mississaugainsider.ca/directory/auto/master-mechanic-erin-mills-c7q8rn/,ChIJ2dxpbpVDK4gRga78thJGykA,no,
KD Auto Service,Auto Services,,"1056 Old Derry Rd, Mississauga, ON L5W 1A1, Canada",(905) 564-0855,4.6,192,,https://mississaugainsider.ca/directory/auto/kd-auto-service-9hoxep/,ChIJgTnuYgVAK4gRUJNeJDsmg2s,no,
Erin Mills Automotive,Auto Services,,"3233 Erin Mills Pkwy, Mississauga, ON L5L 1R1, Canada",(905) 412-3051,4.6,171,,https://mississaugainsider.ca/directory/auto/erin-mills-automotive-5ryosm/,ChIJjYsTBOxDK4gR47E246IKHVk,no,
ST Auto Repairs,Auto Services,,"3427 Wolfedale Rd, Mississauga, ON L5C 1V8, Canada",(905) 804-9900,4.6,160,,https://mississaugainsider.ca/directory/auto/st-auto-repairs-jylj4d/,ChIJRbLYA8pGK4gR9a5cl3mTlmw,no,
Best Auto sales and repairs,Auto Services,,"1160 Crestlawn Dr, Mississauga, ON L4W 2Z8, Canada",(905) 625-2004,4.6,125,,https://mississaugainsider.ca/directory/auto/best-auto-sales-and-repairs-qo4rd9/,ChIJo4wBYcY5K4gRYEyS9FMe34I,no,
Right-Tech Auto Repair & Service,Auto Services,,"3375 Derry Rd E, Mississauga, ON L4V 1Y3, Canada",(905) 671-3427,4.5,702,https://www.righttech.ca/,https://mississaugainsider.ca/directory/auto/right-tech-auto-repair-and-service-he31ny/,ChIJnY9fNu87K4gRiC17hrFV1A0,no,
Best Auto Repair Service Inc,Auto Services,,"3635 Hawkestone Rd, Mississauga, ON L5C 2V1, Canada",(905) 275-3341,4.5,394,,https://mississaugainsider.ca/directory/auto/best-auto-repair-service-inc-39gsn4/,ChIJX9RvgzRBK4gR1vqWejP4-pY,no,
Flomax Auto Mechanic,Auto Services,,"6237 Mississauga Rd, Mississauga, ON L5N 1H4, Canada",(905) 363-0402,4.5,230,,https://mississaugainsider.ca/directory/auto/flomax-auto-mechanic-xetdrj/,ChIJETKPhM1BK4gRv8VroGhcQa4,no,
Professional Auto Repair,Auto Services,,"885 Central Pkwy W, Mississauga, ON L5C 2V9, Canada",(905) 276-5523,4.5,198,,https://mississaugainsider.ca/directory/auto/professional-auto-repair-vnez61/,ChIJ8_jVQTVBK4gRpLxiEFXAc_8,no,
Mississauga Auto Centre,Auto Services,,"1800 Lakeshore Rd W, Mississauga, ON L5J 1J7, Canada",(905) 823-5535,4.5,138,http://www.mac.ca/,https://mississaugainsider.ca/directory/auto/mississauga-auto-centre-dxuzsq/,ChIJ7_TpRVxEK4gROZtA8AhcSew,no,
Collegeway Auto,Auto Services,,"3405 Glen Erin Dr, Mississauga, ON L5L 3Z7, Canada",(905) 820-8044,4.4,119,https://collegewayauto.ca/,https://mississaugainsider.ca/directory/auto/collegeway-auto-a2yhcv/,ChIJfURQZshDK4gROdkTdt7hg5I,no,
L A Auto Repair,Auto Services,,"66 Thomas St #14, Mississauga, ON L5M 2P3, Canada",(905) 814-8711,4.1,76,,https://mississaugainsider.ca/directory/auto/l-a-auto-repair-k3pso6/,ChIJ11HsvJhBK4gR7GflSF1-_Xw,no,
Boss Vibes Barbershop,Beauty & Barber,,"3615 Dixie Rd Unit 6, Mississauga, ON L4Y 4H4, Canada",(905) 629-2094,5,4417,https://www.bossvibes.ca/,https://mississaugainsider.ca/directory/beauty/boss-vibes-barbershop-ffqeeb/,ChIJzYDEolQ5K4gRulLw5fWqsWo,no,
King's Chair Barbershop,Beauty & Barber,,"6990 Financial Dr #7G, Mississauga, ON L5N 8J4, Canada",(905) 533-0270,5,2108,https://kingschair.ca/,https://mississaugainsider.ca/directory/beauty/king-s-chair-barbershop-8hhsts/,ChIJN3Gjqz5rK4gRaFvz8_PMMIA,no,
DILVIOR Barbershop,Beauty & Barber,,"98 Courtneypark Dr E Bldg C2 Unit 7, Mississauga, ON L5T 2Y3, Canada",(905) 670-7666,5,1501,https://dilviorbarbershop.ca/,https://mississaugainsider.ca/directory/beauty/dilvior-barbershop-tlqjg6/,ChIJQSSIcn0_K4gRmc-rgCqSBw0,no,
Unity Barbershop,Beauty & Barber,,"230 Lakeshore Rd E, Mississauga, ON L5G 1G7, Canada",(647) 979-6523,5,1091,https://unitybarbershop.ca/,https://mississaugainsider.ca/directory/beauty/unity-barbershop-n2n87f/,ChIJEZJmkwRHK4gRc0wPTZ06ZTk,no,
Clip & Chill Barbershop,Beauty & Barber,,"4099 Erin Mills Pkwy Unit 4, Mississauga, ON L5L 3P9, Canada",(905) 606-2212,5,765,https://clipandchill.com/,https://mississaugainsider.ca/directory/beauty/clip-and-chill-barbershop-d4xkiv/,ChIJD_7MM0pDK4gRX6x9B1poxYw,no,
Kams Hair & Beauty,Beauty & Barber,,"inside PROBEAUTY, 650 Matheson Blvd W Ste 29, Mississauga, ON L5R 3T2, Canada",(647) 572-8845,5,749,https://www.instagram.com/kams_hair_and_beauty,https://mississaugainsider.ca/directory/beauty/kams-hair-and-beauty-2zr1ec/,ChIJ0VmHV7ZBK4gRDeIRBOfiNSw,no,
FahadFadez Barbershop,Beauty & Barber,,"3015 Winston Churchill Blvd Unit 5, Mississauga, ON L5L 2V8, Canada",(416) 414-2305,5,597,https://fahadfadezbarbershop.com/,https://mississaugainsider.ca/directory/beauty/fahadfadez-barbershop-aw8djh/,ChIJJ5JuVBJBK4gRRozMl3931LM,no,
Mes Amis Barbershop,Beauty & Barber,,"800 Southdown Rd Unit a1, Mississauga, ON L5J 2Y4, Canada",(905) 822-5888,5,375,https://mesamisbarbershop.com/,https://mississaugainsider.ca/directory/beauty/mes-amis-barbershop-2o6314/,ChIJk278kDZFK4gRN-tOZWbFLAo,no,
Hairpad Barbershop,Beauty & Barber,,"Chair No. 1, Styloria Hair and beauty salon, 592 Rathburn Rd W Unit 3, Mississauga, ON L5B 3A4, Canada",(437) 665-1122,5,362,https://hairpadbarbershop.square.site/,https://mississaugainsider.ca/directory/beauty/hairpad-barbershop-i5x4wo/,ChIJX-cKVOhPBUURbJ8qvEE2GwY,no,
ONE OF ONE HAIR STUDIO,Beauty & Barber,,"700 Dundas St E Unit 203, Mississauga, ON L4Y 3Y5, Canada",(905) 803-9379,5,359,https://oneofonehairstudio1.booksy.com/,https://mississaugainsider.ca/directory/beauty/one-of-one-hair-studio-ktnnfj/,ChIJw7iPRUJDK4gRfdakhj2IjAU,no,
Barbers-Shop by Arsena,Beauty & Barber,,"3015 Parkerhill Rd #2, Mississauga, ON L5B 4B2, Canada",(647) 609-5142,5,347,https://barbers-shop-by-arsena.easyweek.io/?ref=google_maps,https://mississaugainsider.ca/directory/beauty/barbers-shop-by-arsena-sbm4nd/,ChIJbYXaAeRHK4gRvicfmUT1KZg,no,
Lorne Park Barbershop,Beauty & Barber,,"1107 Lorne Park Rd #23, Mississauga, ON L5H 3A1, Canada",(905) 500-6460,5,160,http://lorneparkbarbershop.booksy.com/,https://mississaugainsider.ca/directory/beauty/lorne-park-barbershop-hd0fss/,ChIJ8_H8vfBFK4gRFkRqjugpLVc,no,
Luka Hair Salon & Barbershop,Beauty & Barber,,"30 Eglinton Ave W #8, Mississauga, ON L5R 3E7, Canada",(905) 712-9292,5,144,https://lukahairsalon.com/,https://mississaugainsider.ca/directory/beauty/luka-hair-salon-and-barbershop-c9feux/,ChIJo02F2VdBK4gRsSwtTnVeBgU,no,
MCutz Grooming Lounge,Beauty & Barber,,"Private Studio McLaughlin &, Kaiser Dr, Mississauga, ON L5W 1V8, Canada",(647) 446-2889,5,144,https://mcutz.ca/,https://mississaugainsider.ca/directory/beauty/mcutz-grooming-lounge-2rif8p/,ChIJF75b7cJBK4gRhnpXNyJG93U,no,
Port Credit Barber Shop,Beauty & Barber,,"247 Lakeshore Rd E, Mississauga, ON L5H 1G5, Canada",(905) 891-0267,5,90,,https://mississaugainsider.ca/directory/beauty/port-credit-barber-shop-8mtbxd/,ChIJP_gvnBZGK4gRENj_LV1rTBQ,no,
Hair By Carmelo,Beauty & Barber,,"507 Lakeshore Rd E Suite 200, unit 3, Mississauga, ON L5G 1H9, Canada",(647) 545-1549,5,62,http://www.hairbycarmelo.com/,https://mississaugainsider.ca/directory/beauty/hair-by-carmelo-gr7bfq/,ChIJdZ19GBJHK4gREellpP8shkU,no,
LIKHA Hair Studio,Beauty & Barber,,"507 Lakeshore Rd E Ste 200, unit 22, Mississauga, ON L5G 1H9, Canada",(647) 551-2755,5,46,https://likhahairstudio.square.site/,https://mississaugainsider.ca/directory/beauty/likha-hair-studio-jy9zit/,ChIJ54uhCXRHK4gRY_diMu3U7mw,no,
King's Chair Barbershop,Beauty & Barber,,"50 Bristol Rd E Unit 501A, Mississauga, ON L4Z 3K8, Canada",(905) 497-9591,4.9,5906,https://kingschair.ca/,https://mississaugainsider.ca/directory/beauty/king-s-chair-barbershop-d2mumq/,ChIJM5VTKCJBK4gRW1L6ukCk8Wc,no,
Man O'Clock Barbershop,Beauty & Barber,,"3662 Hurontario St #1, Mississauga, ON L5A 4A1, Canada",(905) 901-0378,4.9,3695,https://getsquire.com/discover/barbershop/man-oclock-barbershop-hurontario-street-mississauga,https://mississaugainsider.ca/directory/beauty/man-o-clock-barbershop-u9haep/,ChIJ6_AFbw1HK4gRbJj9o0QijHs,no,
Golden Cuts Barbershop,Beauty & Barber,,"3480 Platinum Dr Unit 95, Mississauga, ON L5M 2S4, Canada",(905) 569-0060,4.9,2271,http://www.goldencuts.ca/,https://mississaugainsider.ca/directory/beauty/golden-cuts-barbershop-yih2t9/,ChIJVUGtFFdDK4gRcxnGzuDxBz8,no,
Leon Fades Barbershop,Beauty & Barber,,"1100 Burnhamthorpe Rd W Unit 12, Mississauga, ON L5C 4G4, Canada",(905) 276-6006,4.9,2192,https://leonfades.co/,https://mississaugainsider.ca/directory/beauty/leon-fades-barbershop-7rget3/,ChIJMY5Wl3xBK4gR98qggqBXtTE,no,
Clasico Barbershop,Beauty & Barber,,"3480 Platinum Dr Unit 105, Mississauga, ON L5M 2S4, Canada",(905) 607-4400,4.9,1321,https://clasicobarber.com/,https://mississaugainsider.ca/directory/beauty/clasico-barbershop-jjc3lr/,ChIJ25vGWl1DK4gRyO7DExiFZB0,no,
Barbershop Mississauga Coolcutz,Beauty & Barber,,"776 Dundas St E, Mississauga, ON L4Y 2B6, Canada",(905) 615-8818,4.9,1269,https://squareup.com/appointments/book/d7cg0edbfdpt96/LMGS238MHXR3H/start,https://mississaugainsider.ca/directory/beauty/barbershop-mississauga-coolcutz-uu6cis/,ChIJe4CsTGxHK4gRJA_XB6cyX_A,no,
Badans Salon hair salon & barber shop,Beauty & Barber,,"5030 Tenth Line W unit 7, Mississauga, ON L5M 7Z5, Canada",(647) 504-6667,4.9,1219,https://booksy.com/en-ca/18243_badans-salon_hair-salon_870806_mississauga?rwg_token=AE37R_jdxCaKTpzPp0laCuNT6iHPtN9FNNuBsNhiX_I_0EGRdERLPDYhYedqY8TEdgqbWLxOQlYbCWcAxSpbSt4woTcYP2_Xqg==#ba_s=seo,https://mississaugainsider.ca/directory/beauty/badans-salon-hair-salon-and-barber-shop-yd7o0w/,ChIJEy4zPKxDK4gR-Vnk1CEtGZU,no,
James Barber Shop,Beauty & Barber,,"3460 Platinum Dr, Mississauga, ON L5M 8A5, Canada",(905) 569-0080,4.9,1157,https://jamesbarbershop.ca/,https://mississaugainsider.ca/directory/beauty/james-barber-shop-eu4qeg/,ChIJCxKGQSJDK4gRxph7923xIfQ,no,
Taurus Barbershop,Beauty & Barber,,"4120 Dixie Rd #7, Mississauga, ON L4W 4V8, Canada",(905) 206-9100,4.9,1026,https://www.taurusbarbershop.com/,https://mississaugainsider.ca/directory/beauty/taurus-barbershop-jf97pr/,ChIJ85P04t05K4gR3KQMUrnKbtk,no,
Luka Hair Salon& Barber Shop,Beauty & Barber,,"2555 Erin Centre Blvd #13, Mississauga, ON L5M 5H1, Canada",(905) 567-8668,4.9,1008,https://lukahairsalon.com/,https://mississaugainsider.ca/directory/beauty/luka-hair-salon-and-barber-shop-hxoo9m/,ChIJAUwgdFtBK4gRilp6NCBKLdg,no,
Top Fades Barbershop,Beauty & Barber,,"3476 Glen Erin Dr #9, Mississauga, ON L5L 3R4, Canada",(905) 820-1077,4.9,962,https://getsquire.com/discover/barbershop/top-fades-barbershop-mississauga?hl=en-CA&gei=1gq7aOquG9Sqw8cP99yoyA8&rwg_token=ACgRB3cbNx5gQsRBLJ49KCokibNURcvTt5-RJddXVE1kTPlQNhzLu4AMB1MtHNm-_nC6RWxR3ZJ-aeA_GU6auK2DlswVkr66jQ%3D%3D,https://mississaugainsider.ca/directory/beauty/top-fades-barbershop-vcz364/,ChIJ8c0rDGhDK4gRjbpoX_zrOPI,no,
Royal Chair Barbershop,Beauty & Barber,,"3635 Cawthra Rd, Mississauga, ON L5A 2Y5, Canada",(905) 277-2076,4.9,858,http://www.royalchair.ca/,https://mississaugainsider.ca/directory/beauty/royal-chair-barbershop-88u2mu/,ChIJowjPnW1HK4gRVwEqkzvYVdk,no,
The Barber's Zone,Beauty & Barber,,"251 Queen St S unite 4, Mississauga, ON L5M 1L7, Canada",(647) 707-8126,4.9,750,https://thebarberszone.ca/,https://mississaugainsider.ca/directory/beauty/the-barber-s-zone-mrqg5r/,ChIJx-_i0atBK4gR0LLQY095k_o,no,
Danny’s Barbershop,Beauty & Barber,,"7070 St Barbara Blvd #30, Mississauga, ON L5W 0E6, Canada",(905) 795-8004,4.9,650,,https://mississaugainsider.ca/directory/beauty/danny-s-barbershop-1ffpq7/,ChIJgUautr8_K4gR2u4AZQ3q0tI,no,
VIP Chair barbershop,Beauty & Barber,,"1014 Lagoon St, Mississauga, ON L5G 0B2, Canada",(905) 990-9009,4.9,620,http://www.vipchair.ca/,https://mississaugainsider.ca/directory/beauty/vip-chair-barbershop-4cz1x7/,ChIJ0zBx3XlHK4gRRtEy3uTE57A,no,
Certified Studio - Hair Studio,Beauty & Barber,,"1 Hurontario St, Mississauga, ON L5G 0A3, Canada",(289) 203-1507,4.9,592,https://certified-studio.square.site/,https://mississaugainsider.ca/directory/beauty/certified-studio-hair-studio-llzk3t/,ChIJvX0AAY9HK4gR4QBt-bT-z5U,no,
Kapsalon,Beauty & Barber,,"7071 Airport Rd #8a, Mississauga, ON L4T 4J3, Canada",(437) 991-6641,4.9,592,,https://mississaugainsider.ca/directory/beauty/kapsalon-tkb2rs/,ChIJ0z-WGsc7K4gRTSxGAm9WPCA,no,
UPPR MGMT Streetsville Barbershop,Beauty & Barber,,"136 Queen St S Unit 3, Mississauga, ON L5M 1K9, Canada",(647) 340-6636,4.9,590,http://www.upprmgmt.com/,https://mississaugainsider.ca/directory/beauty/uppr-mgmt-streetsville-barbershop-w0owab/,ChIJ_efdj7VBK4gR8iS6d4LN-ps,no,
IDNTY Barbershop Lakeshore,Beauty & Barber,,"348 Lakeshore Rd E, Mississauga, ON L5G 1H5, Canada",(437) 533-0450,4.9,547,https://www.idnty.ca/barbershop/lakeshore-mississauga,https://mississaugainsider.ca/directory/beauty/idnty-barbershop-lakeshore-dlgy4k/,ChIJoVsKZz1GK4gRTpaCkffgAD0,no,
North Star Barbershop,Beauty & Barber,,"255 Dundas St W #1, Mississauga, ON L5B 3B2, Canada",(647) 323-6549,4.9,518,https://www.instagram.com/m.cuts_/?hl=en,https://mississaugainsider.ca/directory/beauty/north-star-barbershop-q391gh/,ChIJjdMXlotHK4gRv2qobds3sww,no,
Ace Cutz Studio | Barber Shop,Beauty & Barber,,"1224 Dundas St W Unit 110, Mississauga, ON L5C 4G7, Canada",(905) 488-9678,4.9,488,https://www.acecutzstudio.com/,https://mississaugainsider.ca/directory/beauty/ace-cutz-studio-barber-shop-2zztj7/,ChIJye64twNHK4gRX1wSE92_rKs,no,
Village Hair Studio Salon,Beauty & Barber,,"168 Queen St S, Mississauga, ON L5M 1K8, Canada",(905) 542-9555,4.9,483,http://www.thevillagehairstudio.com/,https://mississaugainsider.ca/directory/beauty/village-hair-studio-salon-i1uv05/,ChIJnfAZArlBK4gRLJpFv-BCWeA,no,
Safari Barbershop,Beauty & Barber,,"943 Lakeshore Rd E B, Mississauga, ON L5E 1E3, Canada",(905) 271-0999,4.9,433,https://safaribarbershop.com/,https://mississaugainsider.ca/directory/beauty/safari-barbershop-50t27k/,ChIJMevxs_JHK4gRAsZLakApkgg,no,
Barbershop by evr.snce,Beauty & Barber,,"2275 Britannia Rd W Unit 17, Mississauga, ON L5M 2G6, Canada",(905) 813-7561,4.9,322,http://www.evrsnce.com/,https://mississaugainsider.ca/directory/beauty/barbershop-by-evr-snce-3cefll/,ChIJuZY49ThBK4gRf8BbJkgFIg8,no,
Styles Lounge Barbershop Mississauga,Beauty & Barber,,"7285 Golden Meadow Ct, Mississauga, ON L5W 0B8, Canada",(647) 982-2712,4.9,316,https://styleslounge.ca/,https://mississaugainsider.ca/directory/beauty/styles-lounge-barbershop-mississauga-lfoo09/,ChIJ5_DBYY52aYwRwOVEsH_jhIo,no,
Suave Barbershop,Beauty & Barber,,"3945 Doug Leavens Blvd Unit 105, Mississauga, ON L5N 0A5, Canada",(905) 785-6096,4.9,311,http://suavemensbarbershop.com/,https://mississaugainsider.ca/directory/beauty/suave-barbershop-s64swp/,ChIJMWdb-gc9K4gRsx_ULScsgKA,no,
Tony's Classic Cuts Inc.,Beauty & Barber,,"25 Agnes St #2, Mississauga, ON L5B 3X7, Canada",(905) 566-8656,4.9,212,https://tonysclassiccuts.setmore.com/,https://mississaugainsider.ca/directory/beauty/tony-s-classic-cuts-inc-624bwu/,ChIJp5WpnuRGK4gRDvw_62Gv_Go,no,
Sammys Barber Shop,Beauty & Barber,,"117 Queen St S #7, Mississauga, ON L5M 6B5, Canada",(905) 542-8692,4.9,198,https://www.ultimaebarber.com/,https://mississaugainsider.ca/directory/beauty/sammys-barber-shop-odcgzt/,ChIJhYOrLLlBK4gRPKWQd3puZ9U,no,
Meadowvale Hair Salon Inc.,Beauty & Barber,,"650 Matheson Blvd W Unit 1 Suite 6, Mississauga, ON L5R 3T2, Canada",(905) 858-7575,4.9,120,https://www.mississaugahairsalon.com/,https://mississaugainsider.ca/directory/beauty/meadowvale-hair-salon-inc-jtfwjx/,ChIJ425HMulBK4gR8AR3PS2JIWI,no,
Vinublendz - Barbershop,Beauty & Barber,,"1 Hurontario St #1, Mississauga, ON L5E 1E3, Canada",(647) 563-0144,4.9,74,https://getsqr.co/vinublendz-master-barber,https://mississaugainsider.ca/directory/beauty/vinublendz-barbershop-9g6jo3/,ChIJa6vqerJHK4gRzPAcMhem-CY,no,
Cocoon hair.boutique,Beauty & Barber,,"2087 Royal Windsor Dr, Mississauga, ON L5J 1K5, Canada",,4.9,67,http://www.cocoonhair.ca/,https://mississaugainsider.ca/directory/beauty/cocoon-hair-boutique-r7cbsb/,ChIJK9qOaYpEK4gR7sd0IcAigHI,no,
Select Cuts Barbershop,Beauty & Barber,,"Dubonet Dr, Mississauga, ON L5M 7W3, Canada",(416) 833-2924,4.9,58,https://www.instagram.com/select_cuts?igsh=eDQ3dzNzOTZiNWwz,https://mississaugainsider.ca/directory/beauty/select-cuts-barbershop-gdh86y/,ChIJJSEgCVNDK4gRGVgDRmY7qws,no,
VIVID salon,Beauty & Barber,,"114 Lakeshore Rd W, Mississauga, ON L5H 1E8, Canada",(905) 990-8777,4.8,2412,,https://mississaugainsider.ca/directory/beauty/vivid-salon-ibibt8/,ChIJVVVx_HNGK4gR1UE7weMn8xo,no,
Joseph's Salon,Beauty & Barber,,"5100 Erin Mills Pkwy, Mississauga, ON L5M 4Z5, Canada",(905) 820-6200,4.8,1549,,https://mississaugainsider.ca/directory/beauty/joseph-s-salon-kxg9r7/,ChIJSw-K0otBK4gRLk5HzrZH8Kw,no,
Henda Barber Shop,Beauty & Barber,,"5602 Tenth Line W #116, Mississauga, ON L5M 7L9, Canada",(905) 567-0550,4.8,1333,http://hendabarbershop.ca/,https://mississaugainsider.ca/directory/beauty/henda-barber-shop-be08uh/,ChIJCWMqALVrK4gRMMkpDi_2zBg,no,
Shazam Hair Studio Ltd,Beauty & Barber,,"106 Lakeshore Rd E Unit B, Mississauga, ON L5G 1E3, Canada",(905) 271-0440,4.8,1220,https://www.shazamhair.com/,https://mississaugainsider.ca/directory/beauty/shazam-hair-studio-ltd-zxm4rm/,ChIJY16up3JGK4gRMKHK_6t9EVA,no,
Hairworks,Beauty & Barber,,"2760 Derry Rd W Unit 9, Mississauga, ON L5N 3N5, Canada",(905) 542-7999,4.8,1216,http://www.hairworkssalon.ca/,https://mississaugainsider.ca/directory/beauty/hairworks-ngsqt9/,ChIJE1PaNVxqK4gRw1v7e6R3ItM,no,
Superstar Barber Shop,Beauty & Barber,,"24 Dundas St E #2, Mississauga, ON L5A 4K3, Canada",(905) 273-7771,4.8,678,http://superstarbarbershop.ca/,https://mississaugainsider.ca/directory/beauty/superstar-barber-shop-bwau6c/,ChIJ_exWpvxGK4gRFPhlFFC1nr8,no,
CABIN: Barber & Gentlemen Supply,Beauty & Barber,,"504 Lakeshore Rd E, Mississauga, ON L5G 1H9, Canada",(905) 990-2427,4.8,628,http://www.cabingoods.ca/,https://mississaugainsider.ca/directory/beauty/cabin-barber-and-gentlemen-supply-9helie/,ChIJXfJNbyNGK4gRYsEIOg9S9xQ,no,
Yasir Barber Shop,Beauty & Barber,,"41 Queen St N, Mississauga, ON L5N 1A2, Canada",(647) 870-4155,4.8,564,https://yasirbarber.com/,https://mississaugainsider.ca/directory/beauty/yasir-barber-shop-9kihkt/,ChIJORymz1BBK4gRixyHAmtm6Qc,no,
Salon Dolce Vita,Beauty & Barber,,"179 Lakeshore Rd E, Mississauga, ON L5G 4T8, Canada",(905) 278-5550,4.8,510,https://www.salondolcevita.com/,https://mississaugainsider.ca/directory/beauty/salon-dolce-vita-lbiarz/,ChIJu2yvrRJGK4gRNkYwj2-2ai0,no,
Lanka Salon & Spa Mississauga,Beauty & Barber,,"3470 Platinum Dr Unit 35, Mississauga, ON L5M 2S4, Canada",(905) 783-1895,4.8,506,,https://mississaugainsider.ca/directory/beauty/lanka-salon-and-spa-mississauga-c46qqe/,ChIJPbFKfCJDK4gRSdLJD26lWOI,no,
KO Cutz Salon & Spa,Beauty & Barber,,"3401 Ridgeway Dr #105, Mississauga, ON L5L 0B9, Canada",(437) 916-9269,4.8,436,https://www.kocutz.com/,https://mississaugainsider.ca/directory/beauty/ko-cutz-salon-and-spa-60h1qd/,ChIJD7woxilDK4gRvtdII0Nto5I,no,
HAIRLAB X BARBERSHOP,Beauty & Barber,,"5985 Rodeo Dr Unit 13, Mississauga, ON L5R 3X8, Canada",(905) 890-9997,4.8,365,https://hairlabx.ca/,https://mississaugainsider.ca/directory/beauty/hairlab-x-barbershop-s9v43h/,ChIJt5h0jrFBK4gRZuh9ZX3iRWI,no,
Lexora Salon & Spa | Barbershop,Beauty & Barber,,"2425 Truscott Dr #20, Mississauga, ON L5J 2B4, Canada",(905) 822-1442,4.8,335,https://www.lexorasalon.com/,https://mississaugainsider.ca/directory/beauty/lexora-salon-and-spa-barbershop-2dmv1k/,ChIJHedYx6ZFK4gR4rwwZFQe1fQ,no,
Sanctuary Grooming Lounge,Beauty & Barber,,"2100 Hurontario St Unit 7, Mississauga, ON L5B 1M9, Canada",(905) 232-2745,4.8,334,http://www.sanctuarygrooming.ca/,https://mississaugainsider.ca/directory/beauty/sanctuary-grooming-lounge-r5sibw/,ChIJvQkveqBHK4gRV1WQOb7BrFE,no,
Imperial Hair Design,Beauty & Barber,,"117 Dundas St E, Mississauga, ON L5A 1W7, Canada",(437) 246-3285,4.8,310,,https://mississaugainsider.ca/directory/beauty/imperial-hair-design-m6u1hb/,ChIJQ7G5rv1GK4gR4S8Pp8T15B0,no,
Spiff Grooming Barbershop | Falconer Dr.,Beauty & Barber,,"6675 Falconer Dr, Mississauga, ON L5N 0C3, Canada",(905) 997-4400,4.8,293,http://spiffgrooming.ca/,https://mississaugainsider.ca/directory/beauty/spiff-grooming-barbershop-falconer-dr-4p5evs/,ChIJQ9KotTpAK4gR6-_iXcZfUcU,no,
Gill Barber5911,Beauty & Barber,,"7215 Goreway Dr #1c17, Mississauga, ON L4T 0B4, Canada",(647) 679-9829,4.8,281,,https://mississaugainsider.ca/directory/beauty/gill-barber5911-qquz31/,ChIJUWzI1VMyE64Rh7Hf8GnFdqU,no,
Hair Concepts & Spa,Beauty & Barber,,"960 Southdown Rd, Mississauga, ON L5J 2Y4, Canada",(905) 403-9008,4.8,247,https://hairconcepts.ca/,https://mississaugainsider.ca/directory/beauty/hair-concepts-and-spa-5ifq00/,ChIJb6APs4pEK4gRi0ZrfQQperI,no,
Barber’s Voice,Beauty & Barber,,"3700 Eglinton Ave W Unit 63, Mississauga, ON L5M 2R9, Canada",(905) 607-0008,4.8,242,https://www.fresha.com/book-now/barbers-voice-kqpjwhv0/services?lid=581981&pId=544636,https://mississaugainsider.ca/directory/beauty/barber-s-voice-bom301/,ChIJefy2Ap83K4gRkjZ3DZrha5g,no,
Millway Barbershop,Beauty & Barber,,"3200 Erin Mills Pkwy, Mississauga, ON L5L 1W8, Canada",(905) 828-1550,4.8,207,,https://mississaugainsider.ca/directory/beauty/millway-barbershop-3roz2u/,ChIJNRqKicJDK4gRW1DWpjPIHKE,no,
Barber's Touch,Beauty & Barber,,"107 Lakeshore Rd E, Mississauga, ON L5G 1E3, Canada",(905) 990-7700,4.8,176,https://www.barberstouch.ca/,https://mississaugainsider.ca/directory/beauty/barber-s-touch-8om6cw/,ChIJy4JCqHJGK4gRhF_WAQGPiuM,no,
Dapper Barber Shop,Beauty & Barber,,"388 Lakeshore Rd E, Mississauga, ON L5G 1H5, Canada",(905) 278-1661,4.8,143,,https://mississaugainsider.ca/directory/beauty/dapper-barber-shop-5thjr7/,ChIJgTzdPj1GK4gRXzhXoMvgltM,no,
Winchester Place Men's Hairstyling,Beauty & Barber,,"154 Queen St S, Mississauga, ON L5M 2P4, Canada",(905) 826-8622,4.8,127,,https://mississaugainsider.ca/directory/beauty/winchester-place-men-s-hairstyling-m2se3a/,ChIJHSKeAblBK4gRKXAsQN1Asns,no,
Ralston Barber Studio,Beauty & Barber,,"714 Lakeshore Rd E #4b, Mississauga, ON L5G 1J6, Canada",(905) 274-0990,4.8,28,https://ralstonbarberstudio.ca/,https://mississaugainsider.ca/directory/beauty/ralston-barber-studio-s53516/,ChIJqcqmPaFHK4gRhg4cZXHsPyU,no,
Men Zone Barbershop,Beauty & Barber,,"488 Eglinton Ave W Unit 28, Mississauga, ON L5R 0G2, Canada",(905) 890-3000,4.7,4558,https://www.menzone.ca/mississauga/eglinton,https://mississaugainsider.ca/directory/beauty/men-zone-barbershop-hyluo0/,ChIJ1-2ihdpAK4gRrwN6LCIvKII,no,
THE BARBER STUDIO,Beauty & Barber,,"247 Queen St S, Mississauga, ON L5M 1L7, Canada",(905) 997-8271,4.7,715,http://thebarberstudio.ca/,https://mississaugainsider.ca/directory/beauty/the-barber-studio-o6rnb9/,ChIJXcOY_LtBK4gR6mz4vMAiZO4,no,
The FRESHMEN Barbershop,Beauty & Barber,,"167 Queen St S, Mississauga, ON L5M 1L2, Canada",(905) 483-7374,4.7,597,https://freshmen.ca/,https://mississaugainsider.ca/directory/beauty/the-freshmen-barbershop-r7qmos/,ChIJoab-qblBK4gRcO_cSp8zGOQ,no,
Heavens Hair Design,Beauty & Barber,,"2515 Hurontario St Unit 108, Mississauga, ON L5A 4C8, Canada",(647) 248-0224,4.7,224,https://heavenshairdesign.ca/,https://mississaugainsider.ca/directory/beauty/heavens-hair-design-ry672h/,ChIJl_xFC_tGK4gRhMX9IElM7Y8,no,
Famous Barbers,Beauty & Barber,,"210 Queen St S, Mississauga, ON L5M 1L5, Canada",(905) 812-5366,4.7,104,http://famousbarbers.ca/,https://mississaugainsider.ca/directory/beauty/famous-barbers-vqccbg/,ChIJnyxxQrlBK4gR8wYspwK_t_w,no,
Blue Scissor,Beauty & Barber,,"150 Lakeshore Rd W, Mississauga, ON L5H 1G5, Canada",(647) 523-1907,4.7,89,https://getsqr.co/senol-geyik,https://mississaugainsider.ca/directory/beauty/blue-scissor-h5xipl/,ChIJX44IpnZGK4gRzCbm8SV-6nM,no,
The Groomsmen Barbershop,Beauty & Barber,,"186 Queen St S, Mississauga, ON L5M 1L3, Canada",(905) 997-7500,4.6,357,,https://mississaugainsider.ca/directory/beauty/the-groomsmen-barbershop-0optcp/,ChIJyY1KGrlBK4gREXM1rTitxSM,no,
Family Barbers,Beauty & Barber,,"34A Dundas St E, Mississauga, ON L5A 1V9, Canada",(905) 232-8748,4.6,246,https://family-barbers.com/,https://mississaugainsider.ca/directory/beauty/family-barbers-c2oev9/,ChIJW8sfWPtGK4gR2DBSCHczdoI,no,
The Westwood Barber by Rob,Beauty & Barber,,"Inside the Hair Factory Salon, 3383 Derry Rd E, Mississauga, ON L4V 1Y3, Canada",,4.6,214,,https://mississaugainsider.ca/directory/beauty/the-westwood-barber-by-rob-745e6c/,ChIJ1e7pOe07K4gR1KygaphT5aw,no,
Sage Hair Studio,Beauty & Barber,,"188 Queen St S, Mississauga, ON L5M 1L3, Canada",(905) 821-2400,4.5,314,http://thesagehairstudio.com/,https://mississaugainsider.ca/directory/beauty/sage-hair-studio-3bkhk2/,ChIJyZY4ELlBK4gROX9LVx9BVSY,no,
Tease Hair Lounge,Beauty & Barber,,"117 Queen St S, Mississauga, ON L5M 6B5, Canada",(905) 821-7676,4.5,220,http://www.teasehairlounge.com/,https://mississaugainsider.ca/directory/beauty/tease-hair-lounge-iepfa6/,ChIJRxGGE7hBK4gRfII2vnoTXFA,no,
Adam's Barber Chair,Beauty & Barber,,"144 Dundas St W #3, Mississauga, ON L5B 1H9, Canada",(289) 521-2326,4.4,630,https://mississaugabarbershop.com/,https://mississaugainsider.ca/directory/beauty/adam-s-barber-chair-hg1ey9/,ChIJR_t-kOVGK4gRXEupKgP5p6U,no,
Ashby Grove - Erin Mills,Beauty & Barber,,"5100 Erin Mills Pkwy store e-210a, Mississauga, ON L5M 4Z5, Canada",(905) 828-0037,4.4,266,https://erinmills.ca/stores/erinmills-erin-mills-town-centre-ashby-grove,https://mississaugainsider.ca/directory/beauty/ashby-grove-erin-mills-so7fu8/,ChIJb1N53FtBK4gRIT7yCfAwfjk,no,
The Barber's Chair,Beauty & Barber,,"5100 Erin Mills Pkwy, Mississauga, ON L5M 4Z5, Canada",(905) 820-9960,4.3,793,https://erinmills.ca/stores/erinmills-erin-mills-town-centre-the-barber-s-chair,https://mississaugainsider.ca/directory/beauty/the-barber-s-chair-16bc1f/,ChIJq6qqaopBK4gRbxpVGYb-qQk,no,
Lucky Beauty Salon,Beauty & Barber,,"7215 Goreway Dr Unit 1A16, Mississauga, ON L4T 0B4, Canada",(647) 716-2995,4.3,533,,https://mississaugainsider.ca/directory/beauty/lucky-beauty-salon-r7r5rc/,ChIJWxAQRu07K4gR105IxFV7RG4,no,
Klassic Kuts,Beauty & Barber,,"3427 Derry Rd E, Mississauga, ON L4T 4H7, Canada",(905) 364-5589,4.3,168,,https://mississaugainsider.ca/directory/beauty/klassic-kuts-a2od26/,ChIJyZnnNuk7K4gR_-MVKPfNNsU,no,
